Year;Month;Nro_visitas;Tipo_visita;Barco;Temp;Sal;NTS;OD;pH;AT;Cla;ABSO;CDOM;PP;BACT;FITO;ZOO;ICTIO
2000;ene;NA;NA;NA;NA;NA;NA;NA;NA;NA;NA;NA;NA;NA;NA;NA;NA;NA
2000;feb;unica;Propia;CC;Temp;Sal;NTS;NA;NA;NA;Cla;ABSO;NA;NA;NA;FITO;NA;ICTIO
2000;mar;multiple;Propia;CC;Temp;Sal;NTS;NA;NA;NA;Cla;ABSO;CDOM;NA;BACT;FITO;ZOO;ICTIO
2000;abr;unica;Propia;CC;Temp;Sal;NTS;NA;NA;NA;Cla;ABSO;CDOM;NA;BACT;FITO;ZOO;ICTIO
2000;may;multiple;Propia;CC;Temp;Sal;NTS;NA;NA;NA;Cla;ABSO;CDOM;NA;BACT;FITO;ZOO;ICTIO
2000;jun;unica;Propia;CC;Temp;Sal;NTS;OD;NA;NA;Cla;ABSO;CDOM;NA;BACT;FITO;ZOO;ICTIO
2000;jul;unica;Propia;CC;Temp;Sal;NTS;OD;NA;NA;Cla;ABSO;CDOM;NA;NA;FITO;ZOO;ICTIO
2000;ago;unica;Propia;CC;Temp;Sal;NTS;OD;NA;NA;Cla;ABSO;CDOM;NA;NA;FITO;ZOO;ICTIO
2000;sep;multiple;Propia;OB-CC;Temp;Sal;NTS;OD;NA;NA;Cla;ABSO;CDOM;NA;BACT;FITO;ZOO;ICTIO
2000;oct;unica;Propia;CC;Temp;Sal;NTS;NA;NA;NA;Cla;ABSO;CDOM;NA;BACT;FITO;ZOO;ICTIO
2000;nov;multiple;Propia;CC;Temp;Sal;NTS;OD;NA;NA;Cla;ABSO;CDOM;NA;BACT;FITO;ZOO;ICTIO
2000;dic;multiple;Propia;CC;Temp;Sal;NTS;OD;NA;NA;Cla;ABSO;CDOM;NA;BACT;FITO;ZOO;ICTIO
2001;ene;multiple;Propia;CC;Temp;Sal;NTS;OD;NA;NA;Cla;ABSO;CDOM;NA;BACT;FITO;ZOO;ICTIO
2001;feb;unica;Propia;CC;Temp;Sal;NA;NA;NA;NA;Cla;ABSO;CDOM;NA;BACT;FITO;ZOO;ICTIO
2001;mar;unica;Propia;CC;Temp;Sal;NTS;NA;NA;NA;Cla;NA;NA;NA;BACT;FITO;ZOO;ICTIO
2001;abr;unica;Propia;CC;Temp;Sal;NTS;OD;NA;NA;Cla;NA;NA;NA;NA;FITO;ZOO;ICTIO
2001;may;NA;NA;NA;NA;NA;NA;NA;NA;NA;NA;NA;NA;NA;NA;NA;NA;NA
2001;jun;unica;Propia;EH;Temp;NA;NA;NA;NA;NA;Cla;NA;NA;NA;NA;FITO;ZOO;ICTIO
2001;jul;NA;NA;NA;NA;NA;NA;NA;NA;NA;NA;NA;NA;NA;NA;NA;NA;NA
2001;ago;NA;NA;NA;NA;NA;NA;NA;NA;NA;NA;NA;NA;NA;NA;NA;NA;NA
2001;sep;NA;NA;NA;NA;NA;NA;NA;NA;NA;NA;NA;NA;NA;NA;NA;NA;NA
2001;oct;unica;Oportunista;OB;Temp;Sal;NA;NA;NA;NA;NA;NA;NA;NA;NA;NA;NA;NA
2001;nov;NA;NA;NA;NA;NA;NA;NA;NA;NA;NA;NA;NA;NA;NA;NA;NA;NA
2001;dic;unica;Propia;CC;Temp;Sal;NTS;OD;NA;NA;Cla;ABSO;CDOM;NA;BACT;FITO;ZOO;ICTIO
2002;ene;unica;Propia;CC;Temp;Sal;NTS;OD;NA;NA;Cla;ABSO;CDOM;NA;BACT;FITO;ZOO;ICTIO
2002;feb;unica;Propia;CC;Temp;Sal;NTS;OD;NA;NA;Cla;ABSO;CDOM;NA;BACT;FITO;ZOO;ICTIO
2002;mar;unica;Propia;CC;Temp;Sal;NTS;OD;NA;NA;Cla;ABSO;CDOM;NA;NA;FITO;ZOO;ICTIO
2002;abr;unica;Propia;CC;Temp;Sal;NTS;OD;NA;NA;Cla;ABSO;CDOM;NA;BACT;FITO;ZOO;ICTIO
2002;may;unica;Propia;CC;Temp;Sal;NTS;OD;NA;NA;Cla;ABSO;CDOM;NA;BACT;FITO;ZOO;ICTIO
2002;jun;unica;Propia;CC;Temp;Sal;NTS;OD;NA;NA;Cla;ABSO;CDOM;NA;BACT;FITO;ZOO;ICTIO
2002;jul;NA;NA;NA;NA;NA;NA;NA;NA;NA;NA;NA;NA;NA;NA;NA;NA;NA
2002;ago;unica;Propia;CC;Temp;Sal;NTS;OD;NA;NA;Cla;ABSO;NA;NA;BACT;FITO;ZOO;ICTIO
2002;sep;unica;Propia;CC;Temp;Sal;NTS;OD;NA;NA;Cla;ABSO;CDOM;NA;BACT;FITO;ZOO;ICTIO
2002;oct;NA;NA;NA;NA;NA;NA;NA;NA;NA;NA;NA;NA;NA;NA;NA;NA;NA
2002;nov;NA;NA;NA;NA;NA;NA;NA;NA;NA;NA;NA;NA;NA;NA;NA;NA;NA
2002;dic;NA;NA;NA;NA;NA;NA;NA;NA;NA;NA;NA;NA;NA;NA;NA;NA;NA
2003;ene;NA;NA;NA;NA;NA;NA;NA;NA;NA;NA;NA;NA;NA;NA;NA;NA;NA
2003;feb;NA;NA;NA;NA;NA;NA;NA;NA;NA;NA;NA;NA;NA;NA;NA;NA;NA
2003;mar;unica;Propia;OB;Temp;Sal;NTS;OD;NA;NA;Cla;ABSO;CDOM;NA;BACT;FITO;ZOO;ICTIO
2003;abr;NA;NA;NA;NA;NA;NA;NA;NA;NA;NA;NA;NA;NA;NA;NA;NA;NA
2003;may;unica;Propia;OB;Temp;Sal;NTS;OD;NA;NA;Cla;ABSO;CDOM;NA;BACT;FITO;ZOO;ICTIO
2003;jun;unica;Propia;CC;Temp;Sal;NTS;OD;NA;NA;Cla;ABSO;NA;NA;BACT;FITO;ZOO;ICTIO
2003;jul;unica;Propia;CC;Temp;Sal;NTS;OD;NA;NA;Cla;ABSO;CDOM;NA;BACT;FITO;ZOO;ICTIO
2003;ago;NA;NA;NA;NA;NA;NA;NA;NA;NA;NA;NA;NA;NA;NA;NA;NA;NA
2003;sep;unica;Propia;CC;Temp;Sal;NTS;OD;NA;NA;Cla;ABSO;CDOM;NA;BACT;FITO;NA;ICTIO
2003;oct;unica;Propia;CC;Temp;Sal;NTS;OD;NA;NA;Cla;ABSO;CDOM;NA;NA;FITO;ZOO;ICTIO
2003;nov;unica;Propia;CC;Temp;Sal;NTS;OD;NA;NA;Cla;ABSO;NA;NA;NA;FITO;ZOO;ICTIO
2003;dic;multiple;Propia;CC;Temp;Sal;NTS;OD;NA;NA;Cla;ABSO;CDOM;NA;BACT;FITO;ZOO;ICTIO
2004;ene;unica;Propia;CC;Temp;Sal;NTS;OD;NA;NA;Cla;ABSO;CDOM;NA;BACT;FITO;ZOO;ICTIO
2004;feb;multiple;Propia;CC;Temp;Sal;NTS;OD;NA;NA;Cla;ABSO;CDOM;NA;BACT;FITO;ZOO;ICTIO
2004;mar;NA;NA;NA;NA;NA;NA;NA;NA;NA;NA;NA;NA;NA;NA;NA;NA;NA
2004;abr;unica;Propia;CC;Temp;Sal;NTS;NA;NA;NA;Cla;ABSO;CDOM;NA;BACT;FITO;ZOO;ICTIO
2004;may;unica;Propia;CC;Temp;Sal;NTS;NA;NA;NA;Cla;ABSO;CDOM;NA;BACT;FITO;ZOO;ICTIO
2004;jun;unica;Propia;CC;Temp;Sal;NTS;NA;NA;NA;Cla;ABSO;CDOM;NA;BACT;FITO;ZOO;ICTIO
2004;jul;unica;Propia;CC;Temp;Sal;NTS;NA;NA;NA;Cla;ABSO;CDOM;NA;BACT;FITO;ZOO;ICTIO
2004;ago;unica;Propia;CC;Temp;Sal;NTS;OD;NA;NA;Cla;ABSO;CDOM;NA;BACT;FITO;ZOO;ICTIO
2004;sep;unica;Propia;CC;Temp;Sal;NTS;OD;NA;NA;Cla;ABSO;CDOM;NA;BACT;FITO;ZOO;ICTIO
2004;oct;NA;NA;NA;NA;NA;NA;NA;NA;NA;NA;NA;NA;NA;NA;NA;NA;NA
2004;nov;NA;NA;NA;NA;NA;NA;NA;NA;NA;NA;NA;NA;NA;NA;NA;NA;NA
2004;dic;unica;Oportunista;CC;Temp;Sal;NTS;NA;NA;NA;Cla;ABSO;CDOM;NA;NA;FITO;ZOO;ICTIO
2005;ene;NA;NA;NA;NA;NA;NA;NA;NA;NA;NA;NA;NA;NA;NA;NA;NA;NA
2005;feb;NA;NA;NA;NA;NA;NA;NA;NA;NA;NA;NA;NA;NA;NA;NA;NA;NA
2005;mar;multiple;Propia;CC;Temp;Sal;NTS;OD;NA;NA;Cla;ABSO;CDOM;NA;BACT;FITO;ZOO;ICTIO
2005;abr;NA;NA;NA;NA;NA;NA;NA;NA;NA;NA;NA;NA;NA;NA;NA;NA;NA
2005;may;NA;NA;NA;NA;NA;NA;NA;NA;NA;NA;NA;NA;NA;NA;NA;NA;NA
2005;jun;NA;NA;NA;NA;NA;NA;NA;NA;NA;NA;NA;NA;NA;NA;NA;NA;NA
2005;jul;unica;Propia;CC;Temp;Sal;NTS;NA;NA;NA;Cla;ABSO;CDOM;NA;BACT;FITO;ZOO;ICTIO
2005;ago;unica;Propia;CC;Temp;Sal;NTS;OD;NA;NA;Cla;ABSO;CDOM;NA;BACT;FITO;ZOO;ICTIO
2005;sep;unica;Propia;CC;Temp;NA;NA;NA;NA;NA;Cla;ABSO;CDOM;NA;BACT;FITO;ZOO;ICTIO
2005;oct;multiple;Propia_Oportunista;PD-CC;Temp;Sal;NTS;NA;NA;NA;Cla;ABSO;NA;PP;BACT;FITO;ZOO;ICTIO
2005;nov;unica;Propia;CC;Temp;Sal;NTS;NA;NA;NA;Cla;ABSO;CDOM;NA;BACT;FITO;ZOO;ICTIO
2005;dic;NA;NA;NA;NA;NA;NA;NA;NA;NA;NA;NA;NA;NA;NA;NA;NA;NA
2006;ene;NA;NA;NA;NA;NA;NA;NA;NA;NA;NA;NA;NA;NA;NA;NA;NA;NA
2006;feb;unica;Propia;CC;Temp;Sal;NTS;NA;NA;NA;Cla;ABSO;CDOM;NA;BACT;FITO;ZOO;ICTIO
2006;mar;multiple;Propia_Oportunista;PD-CC;Temp;Sal;NTS;OD;NA;NA;Cla;ABSO;NA;PP;BACT;FITO;ZOO;ICTIO
2006;abr;NA;NA;NA;NA;NA;NA;NA;NA;NA;NA;NA;NA;NA;NA;NA;NA;NA
2006;may;NA;NA;NA;NA;NA;NA;NA;NA;NA;NA;NA;NA;NA;NA;NA;NA;NA
2006;jun;NA;NA;NA;NA;NA;NA;NA;NA;NA;NA;NA;NA;NA;NA;NA;NA;NA
2006;jul;NA;NA;NA;NA;NA;NA;NA;NA;NA;NA;NA;NA;NA;NA;NA;NA;NA
2006;ago;NA;NA;NA;NA;NA;NA;NA;NA;NA;NA;NA;NA;NA;NA;NA;NA;NA
2006;sep;multiple;Propia_Oportunista;CC-PD;Temp;Sal;NTS;OD;NA;NA;Cla;ABSO;CDOM;PP;BACT;FITO;ZOO;ICTIO
2006;oct;unica;Propia;CC;Temp;Sal;NTS;NA;NA;NA;Cla;ABSO;CDOM;NA;BACT;FITO;ZOO;ICTIO
2006;nov;unica;Propia;CC;Temp;Sal;NTS;NA;NA;NA;Cla;ABSO;CDOM;NA;BACT;FITO;ZOO;ICTIO
2006;dic;unica;Propia;EH;Temp;Sal;NTS;NA;NA;NA;Cla;ABSO;CDOM;NA;BACT;FITO;ZOO;ICTIO
2007;ene;unica;Propia;OB;Temp;Sal;NTS;OD;NA;NA;Cla;ABSO;CDOM;NA;BACT;FITO;ZOO;ICTIO
2007;feb;NA;NA;NA;NA;NA;NA;NA;NA;NA;NA;NA;NA;NA;NA;NA;NA;NA
2007;mar;unica;Propia;CC;Temp;Sal;NTS;NA;NA;NA;Cla;ABSO;CDOM;NA;BACT;FITO;ZOO;ICTIO
2007;abr;NA;NA;NA;NA;NA;NA;NA;NA;NA;NA;NA;NA;NA;NA;NA;NA;NA
2007;may;NA;NA;NA;NA;NA;NA;NA;NA;NA;NA;NA;NA;NA;NA;NA;NA;NA
2007;jun;NA;NA;NA;NA;NA;NA;NA;NA;NA;NA;NA;NA;NA;NA;NA;NA;NA
2007;jul;unica;Propia;CC;Temp;Sal;NTS;OD;NA;NA;Cla;ABSO;CDOM;NA;BACT;FITO;ZOO;ICTIO
2007;ago;NA;NA;NA;NA;NA;NA;NA;NA;NA;NA;NA;NA;NA;NA;NA;NA;NA
2007;sep;NA;NA;NA;NA;NA;NA;NA;NA;NA;NA;NA;NA;NA;NA;NA;NA;NA
2007;oct;multiple;Propia_Oportunista;CC;Temp;Sal;NA;NA;NA;NA;Cla;ABSO;CDOM;NA;BACT;FITO;ZOO;ICTIO
2007;nov;NA;NA;NA;NA;NA;NA;NA;NA;NA;NA;NA;NA;NA;NA;NA;NA;NA
2007;dic;NA;NA;NA;NA;NA;NA;NA;NA;NA;NA;NA;NA;NA;NA;NA;NA;NA
2008;ene;NA;NA;NA;NA;NA;NA;NA;NA;NA;NA;NA;NA;NA;NA;NA;NA;NA
2008;feb;NA;NA;NA;NA;NA;NA;NA;NA;NA;NA;NA;NA;NA;NA;NA;NA;NA
2008;mar;NA;NA;NA;NA;NA;NA;NA;NA;NA;NA;NA;NA;NA;NA;NA;NA;NA
2008;abr;NA;NA;NA;NA;NA;NA;NA;NA;NA;NA;NA;NA;NA;NA;NA;NA;NA
2008;may;NA;NA;NA;NA;NA;NA;NA;NA;NA;NA;NA;NA;NA;NA;NA;NA;NA
2008;jun;NA;NA;NA;NA;NA;NA;NA;NA;NA;NA;NA;NA;NA;NA;NA;NA;NA
2008;jul;NA;NA;NA;NA;NA;NA;NA;NA;NA;NA;NA;NA;NA;NA;NA;NA;NA
2008;ago;NA;NA;NA;NA;NA;NA;NA;NA;NA;NA;NA;NA;NA;NA;NA;NA;NA
2008;sep;NA;NA;NA;NA;NA;NA;NA;NA;NA;NA;NA;NA;NA;NA;NA;NA;NA
2008;oct;unica;Propia;OB;Temp;Sal;NTS;OD;NA;NA;Cla;ABSO;CDOM;NA;BACT;FITO;ZOO;ICTIO
2008;nov;unica;Oportunista;OB;Temp;Sal;NA;NA;NA;NA;Cla;ABSO;NA;PP;NA;FITO;NA;NA
2008;dic;unica;Propia;OB;Temp;Sal;NTS;OD;NA;NA;Cla;ABSO;CDOM;PP;BACT;FITO;NA;ICTIO
2009;ene;unica;Oportunista;OB;Temp;Sal;NA;NA;NA;NA;Cla;ABSO;NA;PP;NA;FITO;NA;NA
2009;feb;unica;Propia;CC;Temp;Sal;NA;NA;NA;NA;Cla;ABSO;CDOM;NA;BACT;FITO;ZOO;ICTIO
2009;mar;unica;Propia;OB;Temp;Sal;NTS;NA;NA;NA;Cla;ABSO;CDOM;PP;BACT;FITO;ZOO;ICTIO
2009;abr;unica;Propia;OB;Temp;Sal;NTS;OD;NA;NA;Cla;ABSO;CDOM;PP;BACT;FITO;ZOO;ICTIO
2009;may;NA;NA;NA;NA;NA;NA;NA;NA;NA;NA;NA;NA;NA;NA;NA;NA;NA
2009;jun;multiple;Propia;CC;Temp;Sal;NTS;OD;NA;NA;Cla;ABSO;CDOM;NA;BACT;FITO;ZOO;ICTIO
2009;jul;NA;NA;NA;NA;NA;NA;NA;NA;NA;NA;NA;NA;NA;NA;NA;NA;NA
2009;ago;unica;Propia;CC;Temp;Sal;NTS;OD;NA;NA;Cla;ABSO;CDOM;NA;BACT;FITO;ZOO;ICTIO
2009;sep;NA;NA;NA;NA;NA;NA;NA;NA;NA;NA;NA;NA;NA;NA;NA;NA;NA
2009;oct;NA;NA;NA;NA;NA;NA;NA;NA;NA;NA;NA;NA;NA;NA;NA;NA;NA
2009;nov;NA;NA;NA;NA;NA;NA;NA;NA;NA;NA;NA;NA;NA;NA;NA;NA;NA
2009;dic;NA;NA;NA;NA;NA;NA;NA;NA;NA;NA;NA;NA;NA;NA;NA;NA;NA
2010;ene;unica;Oportunista;OB;Temp;Sal;NTS;NA;NA;NA;Cla;ABSO;NA;PP;NA;FITO;NA;NA
2010;feb;NA;NA;NA;NA;NA;NA;NA;NA;NA;NA;NA;NA;NA;NA;NA;NA;NA
2010;mar;NA;NA;NA;NA;NA;NA;NA;NA;NA;NA;NA;NA;NA;NA;NA;NA;NA
2010;abr;NA;NA;NA;NA;NA;NA;NA;NA;NA;NA;NA;NA;NA;NA;NA;NA;NA
2010;may;NA;NA;NA;NA;NA;NA;NA;NA;NA;NA;NA;NA;NA;NA;NA;NA;NA
2010;jun;NA;NA;NA;NA;NA;NA;NA;NA;NA;NA;NA;NA;NA;NA;NA;NA;NA
2010;jul;unica;Oportunista;PD;Temp;Sal;NTS;NA;NA;NA;Cla;ABSO;NA;PP;BACT;FITO;ZOO;ICTIO
2010;ago;unica;Propia;CC;Temp;Sal;NTS;OD;NA;NA;Cla;ABSO;CDOM;NA;BACT;FITO;NA;ICTIO
2010;sep;NA;NA;NA;NA;NA;NA;NA;NA;NA;NA;NA;NA;NA;NA;NA;NA;NA
2010;oct;multiple;Propia_Oportunista;PD-CC;Temp;Sal;NTS;OD;NA;NA;Cla;ABSO;CDOM;NA;BACT;FITO;ZOO;ICTIO
2010;nov;NA;NA;NA;NA;NA;NA;NA;NA;NA;NA;NA;NA;NA;NA;NA;NA;NA
2010;dic;multiple;Propia_Oportunista;PD-CC;Temp;Sal;NTS;OD;NA;NA;Cla;ABSO;CDOM;PP;BACT;FITO;ZOO;ICTIO
2011;ene;unica;Propia;CC;Temp;Sal;NTS;OD;NA;NA;Cla;ABSO;CDOM;NA;BACT;FITO;NA;ICTIO
2011;feb;unica;Propia;OB;Temp;Sal;NTS;OD;NA;NA;Cla;ABSO;NA;PP;BACT;FITO;ZOO;ICTIO
2011;mar;NA;NA;NA;NA;NA;NA;NA;NA;NA;NA;NA;NA;NA;NA;NA;NA;NA
2011;abr;NA;NA;NA;NA;NA;NA;NA;NA;NA;NA;NA;NA;NA;NA;NA;NA;NA
2011;may;NA;NA;NA;NA;NA;NA;NA;NA;NA;NA;NA;NA;NA;NA;NA;NA;NA
2011;jun;unica;Propia;OB;Temp;Sal;NTS;OD;NA;NA;Cla;ABSO;NA;PP;BACT;FITO;ZOO;ICTIO
2011;jul;unica;Oportunista;PD;Temp;Sal;NA;NA;NA;NA;Cla;ABSO;NA;PP;NA;FITO;NA;NA
2011;ago;NA;NA;NA;NA;NA;NA;NA;NA;NA;NA;NA;NA;NA;NA;NA;NA;NA
2011;sep;NA;NA;NA;NA;NA;NA;NA;NA;NA;NA;NA;NA;NA;NA;NA;NA;NA
2011;oct;unica;Oportunista;AD;Temp;Sal;NA;NA;NA;NA;NA;ABSO;NA;NA;NA;NA;NA;NA
2011;nov;NA;NA;NA;NA;NA;NA;NA;NA;NA;NA;NA;NA;NA;NA;NA;NA;NA
2011;dic;NA;NA;NA;NA;NA;NA;NA;NA;NA;NA;NA;NA;NA;NA;NA;NA;NA
2012;ene;NA;NA;NA;NA;NA;NA;NA;NA;NA;NA;NA;NA;NA;NA;NA;NA;NA
2012;feb;NA;NA;NA;NA;NA;NA;NA;NA;NA;NA;NA;NA;NA;NA;NA;NA;NA
2012;mar;NA;NA;NA;NA;NA;NA;NA;NA;NA;NA;NA;NA;NA;NA;NA;NA;NA
2012;abr;NA;NA;NA;NA;NA;NA;NA;NA;NA;NA;NA;NA;NA;NA;NA;NA;NA
2012;may;NA;NA;NA;NA;NA;NA;NA;NA;NA;NA;NA;NA;NA;NA;NA;NA;NA
2012;jun;NA;NA;NA;NA;NA;NA;NA;NA;NA;NA;NA;NA;NA;NA;NA;NA;NA
2012;jul;unica;Oportunista;PD;Temp;Sal;NTS;NA;NA;NA;Cla;ABSO;NA;PP;NA;FITO;NA;NA
2012;ago;NA;NA;NA;NA;NA;NA;NA;NA;NA;NA;NA;NA;NA;NA;NA;NA;NA
2012;sep;NA;NA;NA;NA;NA;NA;NA;NA;NA;NA;NA;NA;NA;NA;NA;NA;NA
2012;oct;unica;Propia;OB;Temp;Sal;NTS;OD;NA;NA;Cla;ABSO;CDOM;PP;BACT;FITO;ZOO;ICTIO
2012;nov;NA;NA;NA;NA;NA;NA;NA;NA;NA;NA;NA;NA;NA;NA;NA;NA;NA
2012;dic;NA;NA;NA;NA;NA;NA;NA;NA;NA;NA;NA;NA;NA;NA;NA;NA;NA
2013;ene;multiple;Oportunista;EH-OB;Temp;Sal;NTS;NA;NA;NA;Cla;ABSO;NA;PP;BACT;FITO;ZOO;ICTIO
2013;feb;NA;NA;NA;NA;NA;NA;NA;NA;NA;NA;NA;NA;NA;NA;NA;NA;NA
2013;mar;NA;NA;NA;NA;NA;NA;NA;NA;NA;NA;NA;NA;NA;NA;NA;NA;NA
2013;abr;NA;NA;NA;NA;NA;NA;NA;NA;NA;NA;NA;NA;NA;NA;NA;NA;NA
2013;may;NA;NA;NA;NA;NA;NA;NA;NA;NA;NA;NA;NA;NA;NA;NA;NA;NA
2013;jun;NA;NA;NA;NA;NA;NA;NA;NA;NA;NA;NA;NA;NA;NA;NA;NA;NA
2013;jul;unica;Propia;OB;Temp;Sal;NTS;OD;NA;NA;Cla;ABSO;CDOM;PP;BACT;FITO;ZOO;ICTIO
2013;ago;unica;Propia;CR;Temp;Sal;NTS;OD;NA;NA;Cla;ABSO;CDOM;NA;BACT;FITO;ZOO;ICTIO
2013;sep;unica;Oportunista;OB;Temp;Sal;NTS;NA;NA;NA;Cla;ABSO;NA;NA;NA;FITO;ZOO;ICTIO
2013;oct;NA;NA;NA;NA;NA;NA;NA;NA;NA;NA;NA;NA;NA;NA;NA;NA;NA
2013;nov;NA;NA;NA;NA;NA;NA;NA;NA;NA;NA;NA;NA;NA;NA;NA;NA;NA
2013;dic;unica;Oportunista;EH;Temp;Sal;NTS;NA;NA;NA;Cla;NA;NA;NA;NA;FITO;ZOO;ICTIO
2014;ene;multiple;Oportunista;EH-OB;Temp;Sal;NTS;NA;NA;NA;Cla;ABSO;NA;PP;NA;FITO;ZOO;ICTIO
2014;feb;NA;NA;NA;NA;NA;NA;NA;NA;NA;NA;NA;NA;NA;NA;NA;NA;NA
2014;mar;unica;Propia;OB;Temp;Sal;NTS;NA;NA;NA;Cla;ABSO;CDOM;PP;BACT;FITO;ZOO;ICTIO
2014;abr;NA;NA;NA;NA;NA;NA;NA;NA;NA;NA;NA;NA;NA;NA;NA;NA;NA
2014;may;NA;NA;NA;NA;NA;NA;NA;NA;NA;NA;NA;NA;NA;NA;NA;NA;NA
2014;jun;NA;NA;NA;NA;NA;NA;NA;NA;NA;NA;NA;NA;NA;NA;NA;NA;NA
2014;jul;NA;NA;NA;NA;NA;NA;NA;NA;NA;NA;NA;NA;NA;NA;NA;NA;NA
2014;ago;NA;NA;NA;NA;NA;NA;NA;NA;NA;NA;NA;NA;NA;NA;NA;NA;NA
2014;sep;NA;NA;NA;NA;NA;NA;NA;NA;NA;NA;NA;NA;NA;NA;NA;NA;NA
2014;oct;NA;NA;NA;NA;NA;NA;NA;NA;NA;NA;NA;NA;NA;NA;NA;NA;NA
2014;nov;NA;NA;NA;NA;NA;NA;NA;NA;NA;NA;NA;NA;NA;NA;NA;NA;NA
2014;dic;NA;NA;NA;NA;NA;NA;NA;NA;NA;NA;NA;NA;NA;NA;NA;NA;NA
2015;ene;NA;NA;NA;NA;NA;NA;NA;NA;NA;NA;NA;NA;NA;NA;NA;NA;NA
2015;feb;unica;Propia;AH;Temp;NA;NA;NA;NA;AT;Cla;ABSO;CDOM;NA;BACT;FITO;ZOO;ICTIO
2015;mar;NA;NA;NA;NA;NA;NA;NA;NA;NA;NA;NA;NA;NA;NA;NA;NA;NA
2015;abr;unica;Propia;AH;Temp;Sal;NTS;OD;NA;AT;Cla;ABSO;CDOM;NA;BACT;FITO;ZOO;ICTIO
2015;may;NA;NA;NA;NA;NA;NA;NA;NA;NA;NA;NA;NA;NA;NA;NA;NA;NA
2015;jun;NA;NA;NA;NA;NA;NA;NA;NA;NA;NA;NA;NA;NA;NA;NA;NA;NA
2015;jul;NA;NA;NA;NA;NA;NA;NA;NA;NA;NA;NA;NA;NA;NA;NA;NA;NA
2015;ago;NA;NA;NA;NA;NA;NA;NA;NA;NA;NA;NA;NA;NA;NA;NA;NA;NA
2015;sep;unica;Propia;AH;Temp;Sal;NTS;OD;NA;AT;Cla;ABSO;CDOM;NA;BACT;FITO;ZOO;ICTIO
2015;oct;NA;NA;NA;NA;NA;NA;NA;NA;NA;NA;NA;NA;NA;NA;NA;NA;NA
2015;nov;NA;NA;NA;NA;NA;NA;NA;NA;NA;NA;NA;NA;NA;NA;NA;NA;NA
2015;dic;NA;NA;NA;NA;NA;NA;NA;NA;NA;NA;NA;NA;NA;NA;NA;NA;NA
2016;ene;NA;NA;NA;NA;NA;NA;NA;NA;NA;NA;NA;NA;NA;NA;NA;NA;NA
2016;feb;NA;NA;NA;NA;NA;NA;NA;NA;NA;NA;NA;NA;NA;NA;NA;NA;NA
2016;mar;NA;NA;NA;NA;NA;NA;NA;NA;NA;NA;NA;NA;NA;NA;NA;NA;NA
2016;abr;unica;Propia;AH;Temp;Sal;NTS;OD;pH;AT;Cla;ABSO;CDOM;NA;BACT;FITO;ZOO;ICTIO
2016;may;unica;Oportunista;PD;Temp;Sal;NTS;NA;pH;AT;Cla;ABSO;NA;NA;BACT;FITO;NA;NA
2016;jun;NA;NA;NA;NA;NA;NA;NA;NA;NA;NA;NA;NA;NA;NA;NA;NA;NA
2016;jul;NA;NA;NA;NA;NA;NA;NA;NA;NA;NA;NA;NA;NA;NA;NA;NA;NA
2016;ago;NA;NA;NA;NA;NA;NA;NA;NA;NA;NA;NA;NA;NA;NA;NA;NA;NA
2016;sep;unica;Propia;AH;Temp;Sal;NTS;NA;pH;AT;Cla;ABSO;CDOM;NA;BACT;FITO;ZOO;ICTIO
2016;oct;multiple;Propia_Oportunista;EH-AH;Temp;Sal;NTS;NA;pH;AT;Cla;ABSO;CDOM;NA;BACT;FITO;ZOO;ICTIO
2016;nov;unica;Oportunista;PD;Temp;Sal;NTS;NA;NA;NA;Cla;ABSO;NA;PP;BACT;FITO;NA;NA
2016;dic;NA;NA;NA;NA;NA;NA;NA;NA;NA;NA;NA;NA;NA;NA;NA;NA;NA
2017;ene;NA;NA;NA;NA;NA;NA;NA;NA;NA;NA;NA;NA;NA;NA;NA;NA;NA
2017;feb;unica;Oportunista;EH;Temp;Sal;NTS;NA;NA;NA;Cla;ABSO;NA;NA;BACT;FITO;ZOO;ICTIO
2017;mar;NA;NA;NA;NA;NA;NA;NA;NA;NA;NA;NA;NA;NA;NA;NA;NA;NA
2017;abr;NA;NA;NA;NA;NA;NA;NA;NA;NA;NA;NA;NA;NA;NA;NA;NA;NA
2017;may;multiple;Propia;AH;Temp;Sal;NTS;OD;pH;AT;Cla;ABSO;CDOM;NA;BACT;FITO;ZOO;ICTIO
2017;jun;unica;Oportunista;PD;Temp;Sal;NTS;OD;pH;AT;Cla;ABSO;NA;PP;BACT;FITO;NA;NA
2017;jul;NA;NA;NA;NA;NA;NA;NA;NA;NA;NA;NA;NA;NA;NA;NA;NA;NA
2017;ago;unica;Propia;AH;Temp;Sal;NTS;OD;pH;AT;Cla;ABSO;CDOM;NA;BACT;FITO;ZOO;ICTIO
2017;sep;unica;Propia;AH;Temp;Sal;NTS;OD;pH;AT;Cla;ABSO;CDOM;NA;BACT;FITO;ZOO;ICTIO
2017;oct;NA;NA;NA;NA;NA;NA;NA;NA;NA;NA;NA;NA;NA;NA;NA;NA;NA
2017;nov;unica;Propia;AH;Temp;Sal;NTS;OD;pH;AT;Cla;ABSO;CDOM;NA;BACT;FITO;ZOO;ICTIO
2017;dic;NA;NA;NA;NA;NA;NA;NA;NA;NA;NA;NA;NA;NA;NA;NA;NA;NA
2018;ene;unica;Oportunista;EH;Temp;Sal;NTS;NA;NA;NA;Cla;ABSO;CDOM;NA;NA;FITO;ZOO;ICTIO
2018;feb;unica;Oportunista;EH;Temp;Sal;NTS;NA;NA;NA;Cla;ABSO;CDOM;NA;NA;FITO;ZOO;ICTIO
2018;mar;NA;NA;NA;NA;NA;NA;NA;NA;NA;NA;NA;NA;NA;NA;NA;NA;NA
2018;abr;unica;Propia;VA;Temp;Sal;NTS;OD;pH;AT;Cla;ABSO;CDOM;PP;BACT;FITO;ZOO;ICTIO
2018;may;multiple;Propia_Oportunista;VA-AH;Temp;Sal;NTS;OD;pH;AT;Cla;ABSO;CDOM;NA;BACT;FITO;ZOO;ICTIO
2018;jun;unica;Propia;AH;Temp;Sal;NTS;NA;pH;AT;Cla;ABSO;CDOM;NA;BACT;FITO;ZOO;ICTIO
2018;jul;unica;Propia;AH;Temp;Sal;NTS;OD;pH;AT;Cla;ABSO;CDOM;NA;BACT;FITO;ZOO;ICTIO
2018;ago;unica;Oportunista;VA;Temp;Sal;NTS;NA;NA;NA;Cla;ABSO;CDOM;NA;NA;FITO;NA;NA
2018;sep;unica;Propia;AH;Temp;Sal;NTS;OD;pH;AT;Cla;ABSO;CDOM;NA;NA;FITO;ZOO;ICTIO
2018;oct;unica;Oportunista;VA;Temp;Sal;NTS;NA;NA;NA;Cla;ABSO;NA;NA;NA;FITO;ZOO;ICTIO
2018;nov;NA;NA;NA;NA;NA;NA;NA;NA;NA;NA;NA;NA;NA;NA;NA;NA;NA
2018;dic;multiple;Propia_Oportunista;AH-VA;Temp;Sal;NTS;OD;pH;AT;Cla;ABSO;CDOM;NA;BACT;FITO;ZOO;ICTIO
2019;ene;unica;Propia;VA;Temp;Sal;NTS;OD;pH;AT;Cla;ABSO;CDOM;PP;BACT;FITO;ZOO;ICTIO
2019;feb;NA;NA;NA;NA;NA;NA;NA;NA;NA;NA;NA;NA;NA;NA;NA;NA;NA
2019;mar;NA;NA;NA;NA;NA;NA;NA;NA;NA;NA;NA;NA;NA;NA;NA;NA;NA
2019;abr;unica;Propia;AH;Temp;Sal;NTS;OD;NA;AT;Cla;ABSO;CDOM;NA;BACT;FITO;ZOO;ICTIO
2019;may;NA;NA;NA;NA;NA;NA;NA;NA;NA;NA;NA;NA;NA;NA;NA;NA;NA
2019;jun;unica;Oportunista;VA;Temp;Sal;NTS;NA;NA;NA;Cla;ABSO;NA;NA;NA;NA;ZOO;ICTIO
2019;jul;unica;Propia;AH;Temp;Sal;NTS;OD;pH;AT;Cla;ABSO;CDOM;NA;BACT;FITO;ZOO;ICTIO
2019;ago;NA;NA;NA;NA;NA;NA;NA;NA;NA;NA;NA;NA;NA;NA;NA;NA;NA
2019;sep;unica;Propia;AH;Temp;Sal;NTS;OD;pH;AT;Cla;ABSO;CDOM;NA;BACT;FITO;ZOO;ICTIO
2019;oct;unica;Propia;AH;Temp;Sal;NTS;OD;NA;AT;Cla;ABSO;CDOM;NA;BACT;FITO;ZOO;ICTIO
2019;nov;NA;NA;NA;NA;NA;NA;NA;NA;NA;NA;NA;NA;NA;NA;NA;NA;NA
2019;dic;unica;Propia;VA;Temp;Sal;NTS;OD;pH;AT;Cla;ABSO;CDOM;PP;BACT;FITO;ZOO;ICTIO
2020;ene;unica;Propia;AH;Temp;Sal;NTS;NA;NA;AT;Cla;ABSO;CDOM;NA;BACT;FITO;ZOO;ICTIO
2020;feb;NA;NA;NA;NA;NA;NA;NA;NA;NA;NA;NA;NA;NA;NA;NA;NA;NA
2020;mar;unica;Propia;AH;Temp;Sal;NTS;NA;pH;AT;Cla;ABSO;CDOM;NA;NA;FITO;ZOO;ICTIO
2020;abr;NA;NA;NA;NA;NA;NA;NA;NA;NA;NA;NA;NA;NA;NA;NA;NA;NA
2020;may;NA;NA;NA;NA;NA;NA;NA;NA;NA;NA;NA;NA;NA;NA;NA;NA;NA
2020;jun;NA;NA;NA;NA;NA;NA;NA;NA;NA;NA;NA;NA;NA;NA;NA;NA;NA
2020;jul;unica;Oportunista;VA;Temp;Sal;NTS;NA;NA;NA;Cla;ABSO;CDOM;PP;BACT;FITO;NA;NA
2020;ago;NA;NA;NA;NA;NA;NA;NA;NA;NA;NA;NA;NA;NA;NA;NA;NA;NA
2020;sep;NA;NA;NA;NA;NA;NA;NA;NA;NA;NA;NA;NA;NA;NA;NA;NA;NA
2020;oct;NA;NA;NA;NA;NA;NA;NA;NA;NA;NA;NA;NA;NA;NA;NA;NA;NA
2020;nov;NA;NA;NA;NA;NA;NA;NA;NA;NA;NA;NA;NA;NA;NA;NA;NA;NA
2020;dic;unica;Oportunista;EH;Temp;Sal;NTS;NA;NA;NA;Cla;NA;NA;NA;NA;NA;ZOO;ICTIO
2021;ene;unica;Propia;VA;Temp;Sal;NTS;OD;pH;AT;Cla;ABSO;CDOM;PP;BACT;FITO;ZOO;ICTIO
2021;feb;unica;Oportunista;EH;Temp;Sal;NA;NA;NA;NA;Cla;NA;NA;NA;NA;NA;ZOO;ICTIO
2021;mar;NA;NA;NA;NA;NA;NA;NA;NA;NA;NA;NA;NA;NA;NA;NA;NA;NA
2021;abr;NA;NA;NA;NA;NA;NA;NA;NA;NA;NA;NA;NA;NA;NA;NA;NA;NA
2021;may;NA;NA;NA;NA;NA;NA;NA;NA;NA;NA;NA;NA;NA;NA;NA;NA;NA
2021;jun;unica;Oportunista;VA;Temp;Sal;NA;NA;NA;NA;Cla;NA;NA;NA;NA;NA;ZOO;ICTIO
2021;jul;unica;Oportunista;VA;Temp;Sal;NTS;NA;NA;NA;Cla;ABSO;NA;NA;NA;NA;ZOO;ICTIO
2021;ago;NA;NA;NA;NA;NA;NA;NA;NA;NA;NA;NA;NA;NA;NA;NA;NA;NA
2021;sep;NA;NA;NA;NA;NA;NA;NA;NA;NA;NA;NA;NA;NA;NA;NA;NA;NA
2021;oct;unica;Propia;VA;Temp;Sal;NTS;OD;pH;AT;Cla;ABSO;CDOM;PP;BACT;FITO;ZOO;ICTIO
2021;nov;unica;Oportunista;EH;Temp;Sal;NTS;NA;NA;NA;Cla;NA;NA;NA;NA;NA;ZOO;ICTIO
2021;dic;unica;Propia;VA;Temp;Sal;NTS;OD;pH;AT;Cla;ABSO;CDOM;PP;BACT;FITO;ZOO;ICTIO
2022;ene;NA;NA;NA;NA;NA;NA;NA;NA;NA;NA;NA;NA;NA;NA;NA;NA;NA
2022;feb;NA;NA;NA;NA;NA;NA;NA;NA;NA;NA;NA;NA;NA;NA;NA;NA;NA
2022;mar;unica;Propia;MA;Temp;Sal;NTS;OD;pH;AT;Cla;ABSO;CDOM;NA;BACT;FITO;ZOO;ICTIO
2022;abr;NA;NA;NA;NA;NA;NA;NA;NA;NA;NA;NA;NA;NA;NA;NA;NA;NA
2022;may;unica;Propia;MA;Temp;Sal;NTS;OD;pH;AT;Cla;ABSO;NA;NA;BACT;FITO;ZOO;ICTIO
2022;jun;unica;Propia;MA;Temp;Sal;NTS;OD;pH;AT;Cla;ABSO;CDOM;NA;BACT;FITO;ZOO;ICTIO
2022;jul;NA;NA;NA;NA;NA;NA;NA;NA;NA;NA;NA;NA;NA;NA;NA;NA;NA
2022;ago;unica;Propia;MA;Temp;Sal;NA;OD;pH;AT;Cla;ABSO;CDOM;NA;BACT;FITO;ZOO;ICTIO
2022;sep;unica;Oportunista;EH;Temp;Sal;NTS;NA;NA;NA;Cla;NA;NA;NA;BACT;FITO;ZOO;ICTIO
2022;oct;unica;Propia;MA;Temp;Sal;NTS;OD;pH;AT;Cla;ABSO;CDOM;NA;BACT;FITO;ZOO;ICTIO
2022;nov;NA;NA;NA;NA;NA;NA;NA;NA;NA;NA;NA;NA;NA;NA;NA;NA;NA
2022;dic;unica;Propia;MA;Temp;Sal;NTS;OD;pH;AT;Cla;ABSO;CDOM;NA;BACT;FITO;ZOO;ICTIO
2023;ene;NA;NA;NA;NA;NA;NA;NA;NA;NA;NA;NA;NA;NA;NA;NA;NA;NA
2023;feb;NA;NA;NA;NA;NA;NA;NA;NA;NA;NA;NA;NA;NA;NA;NA;NA;NA
2023;mar;unica;Propia;MA;Temp;Sal;NTS;NA;NA;NA;Cla;ABSO;CDOM;NA;BACT;FITO;ZOO;ICTIO
2023;abr;NA;NA;NA;NA;NA;NA;NA;NA;NA;NA;NA;NA;NA;NA;NA;NA;NA
2023;may;unica;Propia;MA;Temp;Sal;NTS;OD;pH;AT;Cla;ABSO;CDOM;NA;BACT;FITO;ZOO;ICTIO
2023;jun;unica;Propia;MA;Temp;Sal;NTS;OD;pH;AT;Cla;ABSO;CDOM;NA;BACT;FITO;ZOO;ICTIO
2023;jul;unica;Propia;VA;Temp;Sal;NTS;OD;pH;AT;Cla;ABSO;CDOM;NA;BACT;FITO;ZOO;ICTIO
2023;ago;NA;NA;NA;NA;NA;NA;NA;NA;NA;NA;NA;NA;NA;NA;NA;NA;NA
2023;sep;NA;NA;NA;NA;NA;NA;NA;NA;NA;NA;NA;NA;NA;NA;NA;NA;NA
2023;oct;NA;NA;NA;NA;NA;NA;NA;NA;NA;NA;NA;NA;NA;NA;NA;NA;NA
2023;nov;unica;Propia;AH;Temp;Sal;NTS;OD;pH;AT;Cla;ABSO;CDOM;NA;BACT;FITO;ZOO;ICTIO
2023;dic;NA;NA;NA;NA;NA;NA;NA;NA;NA;NA;NA;NA;NA;NA;NA;NA;NA
2024;ene;unica;Oportunista;VA;NA;NA;NA;NA;NA;NA;NA;NA;NA;NA;NA;NA;ZOO;ICTIO
2024;feb;unica;Propia;AH;Temp;Sal;NTS;OD;pH;AT;Cla;ABSO;CDOM;NA;BACT;FITO;ZOO;ICTIO
2024;mar;NA;NA;NA;NA;NA;NA;NA;NA;NA;NA;NA;NA;NA;NA;NA;NA;NA
2024;abr;unica;Propia;MA;Temp;Sal;NTS;OD;pH;AT;Cla;ABSO;CDOM;NA;BACT;FITO;ZOO;ICTIO
2024;may;unica;Propia;MA;Temp;Sal;NTS;OD;pH;AT;Cla;ABSO;CDOM;NA;BACT;FITO;ZOO;ICTIO
2024;jun;NA;NA;NA;NA;NA;NA;NA;NA;NA;NA;NA;NA;NA;NA;NA;NA;NA
2024;jul;multiple;Propia_Oportunista;VA-MA;Temp;Sal;NTS;OD;pH;AT;Cla;ABSO;CDOM;NA;BACT;FITO;ZOO;ICTIO
2024;ago;NA;NA;NA;NA;NA;NA;NA;NA;NA;NA;NA;NA;NA;NA;NA;NA;NA
2024;sep;unica;Propia;MA;Temp;Sal;NTS;OD;pH;AT;Cla;ABSO;CDOM;NA;BACT;FITO;ZOO;ICTIO
2024;oct;unica;Oportunista;VA;Temp;Sal;NTS;OD;pH;AT;Cla;ABSO;NA;NA;BACT;FITO;NA;NA
2024;nov;unica;Oportunista;MA;Temp;Sal;NTS;NA;NA;NA;Cla;ABSO;CDOM;NA;NA;FITO;NA;NA
2024;dic;unica;Propia;MA;Temp;Sal;NTS;OD;pH;AT;Cla;ABSO;CDOM;NA;BACT;FITO;ZOO;ICTIO
2025;ene;NA;NA;NA;NA;NA;NA;NA;NA;NA;NA;NA;NA;NA;NA;NA;NA;NA
2025;feb;unica;Propia;MA;Temp;Sal;NTS;OD;pH;AT;Cla;ABSO;CDOM;NA;BACT;FITO;ZOO;ICTIO
2025;mar;NA;NA;NA;NA;NA;NA;NA;NA;NA;NA;NA;NA;NA;NA;NA;NA;NA
2025;abr;unica;Propia;MA;Temp;Sal;NTS;OD;pH;AT;Cla;ABSO;CDOM;NA;BACT;FITO;ZOO;ICTIO
2025;may;unica;Propia;MA;Temp;Sal;NTS;OD;pH;AT;Cla;ABSO;CDOM;NA;BACT;FITO;ZOO;ICTIO
2025;jun;NA;NA;NA;NA;NA;NA;NA;NA;NA;NA;NA;NA;NA;NA;NA;NA;NA
2025;jul;unica;Propia;MA;Temp;Sal;NTS;OD;pH;AT;Cla;ABSO;CDOM;NA;BACT;FITO;ZOO;ICTIO
2025;ago;unica;Propia;AH;Temp;Sal;NTS;OD;pH;AT;Cla;ABSO;CDOM;NA;BACT;FITO;ZOO;ICTIO
2025;sep;unica;Oportunista;VA;Temp;Sal;NTS;NA;NA;NA;Cla;NA;NA;NA;BACT;FITO;NA;NA
2025;oct;unica;Propia;AH;Temp;Sal;NTS;NA;pH;AT;Cla;ABSO;CDOM;NA;BACT;FITO;ZOO;ICTIO
2025;nov;multiple;Propia_Oportunista;VA-AH;Temp;Sal;NTS;OD;NA;NA;Cla;ABSO;CDOM;PP;NA;FITO;ZOO;ICTIO
2025;dic;NA;NA;NA;NA;NA;NA;NA;NA;NA;NA;NA;NA;NA;NA;NA;NA;NA
