EPEA_Nro,Cruise,Year,Month,Day,Tipo_visita,Month_,Barco,Temp,Sal,NTS,OD,pH,AT,Cla,ABSO,CDOM,PP,BACT,FITO,ZOO,ICTIO
NA,NA,2000,NA,NA,NA,ene,NA,NA,NA,NA,NA,NA,NA,NA,NA,NA,NA,NA,NA,NA,NA
1,CC200004,2000,2,3,Propia,feb,CC,Temp,Sal,NTS,NA,NA,NA,Cla,ABSO,NA,NA,NA,FITO,NA,ICTIO
2,CC200007,2000,3,9,Propia,mar,CC,Temp,Sal,NTS,NA,NA,NA,Cla,ABSO,NA,NA,BACT,FITO,ZOO,ICTIO
3,CC200009,2000,3,29,Propia,mar,CC,Temp,Sal,NTS,NA,NA,NA,Cla,ABSO,CDOM,NA,BACT,FITO,ZOO,ICTIO
4,CC200011,2000,4,25,Propia,abr,CC,Temp,Sal,NTS,NA,NA,NA,Cla,ABSO,CDOM,NA,BACT,FITO,ZOO,ICTIO
5,CC200013,2000,5,10,Propia,may,CC,Temp,Sal,NTS,NA,NA,NA,Cla,ABSO,CDOM,NA,BACT,FITO,ZOO,ICTIO
6,CC200015,2000,5,24,Propia,may,CC,Temp,Sal,NTS,NA,NA,NA,Cla,ABSO,CDOM,NA,BACT,FITO,ZOO,ICTIO
7,CC200017,2000,6,7,Propia,jun,CC,Temp,Sal,NTS,OD,NA,NA,Cla,ABSO,CDOM,NA,BACT,FITO,ZOO,ICTIO
8,CC200019,2000,7,14,Propia,jul,CC,Temp,Sal,NTS,OD,NA,NA,Cla,ABSO,CDOM,NA,NA,FITO,ZOO,ICTIO
9,CC200022,2000,8,8,Propia,ago,CC,Temp,Sal,NTS,OD,NA,NA,Cla,ABSO,CDOM,NA,NA,FITO,ZOO,ICTIO
10,OB200009,2000,9,8,Propia,sep,OB,Temp,Sal,NTS,OD,NA,NA,Cla,ABSO,CDOM,NA,BACT,FITO,ZOO,ICTIO
11,CC200026,2000,9,28,Propia,sep,CC,Temp,Sal,NTS,OD,NA,NA,Cla,ABSO,CDOM,NA,BACT,FITO,ZOO,ICTIO
12,CC200029,2000,10,18,Propia,oct,CC,Temp,Sal,NTS,NA,NA,NA,Cla,ABSO,CDOM,NA,BACT,FITO,ZOO,ICTIO
13,CC200032,2000,11,3,Propia,nov,CC,Temp,Sal,NTS,OD,NA,NA,Cla,ABSO,CDOM,NA,BACT,FITO,ZOO,ICTIO
14,CC200034,2000,11,17,Propia,nov,CC,Temp,Sal,NTS,OD,NA,NA,Cla,ABSO,CDOM,NA,BACT,FITO,ZOO,ICTIO
15,CC200037,2000,12,1,Propia,dic,CC,Temp,Sal,NTS,OD,NA,NA,Cla,ABSO,CDOM,NA,BACT,FITO,ZOO,ICTIO
16,CC200038,2000,12,14,Propia,dic,CC,Temp,Sal,NTS,OD,NA,NA,Cla,ABSO,CDOM,NA,BACT,FITO,ZOO,ICTIO
17,CC200101,2001,1,9,Propia,ene,CC,Temp,Sal,NTS,OD,NA,NA,Cla,ABSO,CDOM,NA,BACT,FITO,ZOO,ICTIO
18,CC200103,2001,1,29,Propia,ene,CC,Temp,Sal,NTS,OD,NA,NA,Cla,ABSO,CDOM,NA,BACT,FITO,ZOO,ICTIO
19,CC200105,2001,2,20,Propia,feb,CC,Temp,Sal,NTS,OD,NA,NA,Cla,ABSO,CDOM,NA,BACT,FITO,ZOO,ICTIO
20,CC200107,2001,3,15,Propia,mar,CC,Temp,Sal,NTS,NA,NA,NA,Cla,NA,NA,NA,BACT,FITO,ZOO,ICTIO
21,CC200109,2001,4,10,Propia,abr,CC,Temp,Sal,NTS,OD,NA,NA,Cla,NA,NA,NA,NA,FITO,ZOO,ICTIO
NA,NA,2001,NA,NA,NA,may,NA,NA,NA,NA,NA,NA,NA,NA,NA,NA,NA,NA,NA,NA,NA
22,EH200105,2001,6,6,Propia,jun,EH,Temp,NA,NTS,NA,NA,NA,Cla,NA,NA,NA,NA,FITO,ZOO,ICTIO
NA,NA,2001,NA,NA,NA,jul,NA,NA,NA,NA,NA,NA,NA,NA,NA,NA,NA,NA,NA,NA,NA
NA,NA,2001,NA,NA,NA,ago,NA,NA,NA,NA,NA,NA,NA,NA,NA,NA,NA,NA,NA,NA,NA
NA,NA,2001,NA,NA,NA,sep,NA,NA,NA,NA,NA,NA,NA,NA,NA,NA,NA,NA,NA,NA,NA
23,OB200112,2001,10,30,Oportunista,oct,OB,Temp,Sal,NA,NA,NA,NA,NA,NA,NA,NA,NA,NA,NA,NA
NA,NA,2001,NA,NA,NA,nov,NA,NA,NA,NA,NA,NA,NA,NA,NA,NA,NA,NA,NA,NA,NA
24,CC200110,2001,12,12,Propia,dic,CC,Temp,Sal,NTS,OD,NA,NA,Cla,ABSO,CDOM,NA,BACT,FITO,ZOO,ICTIO
25,CC200201,2002,1,30,Propia,ene,CC,Temp,Sal,NTS,OD,NA,NA,Cla,ABSO,CDOM,NA,BACT,FITO,ZOO,ICTIO
26,CC200203,2002,2,26,Propia,feb,CC,Temp,Sal,NTS,OD,NA,NA,Cla,ABSO,CDOM,NA,BACT,FITO,ZOO,ICTIO
27,CC200204,2002,3,13,Propia,mar,CC,Temp,Sal,NTS,OD,NA,NA,Cla,ABSO,CDOM,NA,NA,FITO,ZOO,ICTIO
28,CC200206,2002,4,12,Propia,abr,CC,Temp,Sal,NTS,OD,NA,NA,Cla,ABSO,CDOM,NA,BACT,FITO,ZOO,ICTIO
29,CC200207,2002,5,3,Propia,may,CC,Temp,Sal,NTS,OD,NA,NA,Cla,ABSO,CDOM,NA,BACT,FITO,ZOO,ICTIO
30,CC200209,2002,6,28,Propia,jun,CC,Temp,Sal,NTS,OD,NA,NA,Cla,ABSO,CDOM,NA,BACT,FITO,ZOO,ICTIO
NA,NA,2002,NA,NA,NA,jul,NA,NA,NA,NA,NA,NA,NA,NA,NA,NA,NA,NA,NA,NA,NA
31,CC200211,2002,8,15,Propia,ago,CC,Temp,Sal,NTS,OD,NA,NA,Cla,ABSO,NA,NA,BACT,FITO,ZOO,ICTIO
32,CC200213,2002,9,13,Propia,sep,CC,Temp,Sal,NTS,OD,NA,NA,Cla,ABSO,CDOM,NA,BACT,FITO,ZOO,ICTIO
NA,NA,2002,NA,NA,NA,oct,NA,NA,NA,NA,NA,NA,NA,NA,NA,NA,NA,NA,NA,NA,NA
NA,NA,2002,NA,NA,NA,nov,NA,NA,NA,NA,NA,NA,NA,NA,NA,NA,NA,NA,NA,NA,NA
NA,NA,2002,NA,NA,NA,dic,NA,NA,NA,NA,NA,NA,NA,NA,NA,NA,NA,NA,NA,NA,NA
NA,NA,2003,NA,NA,NA,ene,NA,NA,NA,NA,NA,NA,NA,NA,NA,NA,NA,NA,NA,NA,NA
NA,NA,2003,NA,NA,NA,feb,NA,NA,NA,NA,NA,NA,NA,NA,NA,NA,NA,NA,NA,NA,NA
33,OB200301,2003,3,27,Propia,mar,OB,Temp,Sal,NTS,OD,NA,NA,Cla,ABSO,CDOM,NA,BACT,FITO,ZOO,ICTIO
NA,NA,2003,NA,NA,NA,abr,NA,NA,NA,NA,NA,NA,NA,NA,NA,NA,NA,NA,NA,NA,NA
34,OB200303,2003,5,16,Propia,may,OB,Temp,Sal,NTS,OD,NA,NA,Cla,ABSO,CDOM,NA,BACT,FITO,ZOO,ICTIO
35,CC200301,2003,6,12,Propia,jun,CC,Temp,Sal,NTS,OD,NA,NA,Cla,ABSO,NA,NA,BACT,FITO,ZOO,ICTIO
36,CC200303,2003,7,2,Propia,jul,CC,Temp,Sal,NTS,OD,NA,NA,Cla,ABSO,CDOM,NA,BACT,FITO,ZOO,ICTIO
NA,NA,2003,NA,NA,NA,ago,NA,NA,NA,NA,NA,NA,NA,NA,NA,NA,NA,NA,NA,NA,NA
37,CC200304,2003,9,17,Propia,sep,CC,Temp,Sal,NTS,OD,NA,NA,Cla,ABSO,CDOM,NA,BACT,FITO,NA,ICTIO
38,CC200305,2003,10,3,Propia,oct,CC,Temp,Sal,NTS,OD,NA,NA,Cla,ABSO,CDOM,NA,NA,FITO,ZOO,ICTIO
39,CC200306,2003,11,4,Propia,nov,CC,Temp,Sal,NTS,OD,NA,NA,Cla,ABSO,NA,NA,NA,FITO,ZOO,ICTIO
40,CC200308,2003,12,3,Propia,dic,CC,Temp,Sal,NTS,OD,NA,NA,Cla,ABSO,NA,NA,BACT,FITO,ZOO,ICTIO
41,CC200310,2003,12,18,Propia,dic,CC,Temp,Sal,NTS,OD,NA,NA,Cla,ABSO,CDOM,NA,BACT,FITO,ZOO,ICTIO
42,CC200401,2004,1,12,Propia,ene,CC,Temp,Sal,NTS,OD,NA,NA,Cla,ABSO,CDOM,NA,BACT,FITO,ZOO,ICTIO
43,CC200402,2004,2,6,Propia,feb,CC,Temp,Sal,NTS,OD,NA,NA,Cla,ABSO,CDOM,NA,BACT,FITO,ZOO,ICTIO
44,CC200404,2004,2,25,Propia,feb,CC,Temp,Sal,NTS,OD,NA,NA,Cla,ABSO,CDOM,NA,BACT,FITO,ZOO,ICTIO
NA,NA,2004,NA,NA,NA,mar,NA,NA,NA,NA,NA,NA,NA,NA,NA,NA,NA,NA,NA,NA,NA
45,CC200406,2004,4,28,Propia,abr,CC,Temp,Sal,NTS,NA,NA,NA,Cla,ABSO,CDOM,NA,BACT,FITO,ZOO,ICTIO
46,CC200408,2004,5,28,Propia,may,CC,Temp,Sal,NTS,NA,NA,NA,Cla,ABSO,CDOM,NA,BACT,FITO,ZOO,ICTIO
47,CC200410,2004,6,28,Propia,jun,CC,Temp,Sal,NTS,NA,NA,NA,Cla,ABSO,CDOM,NA,BACT,FITO,ZOO,ICTIO
48,CC200412,2004,7,21,Propia,jul,CC,Temp,Sal,NTS,NA,NA,NA,Cla,ABSO,CDOM,NA,BACT,FITO,ZOO,ICTIO
49,CC200414,2004,8,31,Propia,ago,CC,Temp,Sal,NTS,OD,NA,NA,Cla,ABSO,CDOM,NA,BACT,FITO,ZOO,ICTIO
50,CC200417,2004,9,24,Propia,sep,CC,Temp,Sal,NTS,OD,NA,NA,Cla,ABSO,CDOM,NA,BACT,FITO,ZOO,ICTIO
NA,NA,2004,NA,NA,NA,oct,NA,NA,NA,NA,NA,NA,NA,NA,NA,NA,NA,NA,NA,NA,NA
NA,NA,2004,NA,NA,NA,nov,NA,NA,NA,NA,NA,NA,NA,NA,NA,NA,NA,NA,NA,NA,NA
51,CC200419,2004,12,27,Oportunista,dic,CC,Temp,Sal,NTS,NA,NA,NA,Cla,ABSO,CDOM,NA,NA,FITO,ZOO,ICTIO
NA,NA,2005,NA,NA,NA,ene,NA,NA,NA,NA,NA,NA,NA,NA,NA,NA,NA,NA,NA,NA,NA
NA,NA,2005,NA,NA,NA,feb,NA,NA,NA,NA,NA,NA,NA,NA,NA,NA,NA,NA,NA,NA,NA
52,CC200501,2005,3,4,Propia,mar,CC,Temp,Sal,NTS,OD,NA,NA,Cla,ABSO,CDOM,NA,BACT,FITO,ZOO,ICTIO
53,CC200503,2005,3,22,Propia,mar,CC,Temp,Sal,NTS,OD,NA,NA,Cla,ABSO,CDOM,NA,BACT,FITO,ZOO,ICTIO
NA,NA,2005,NA,NA,NA,abr,NA,NA,NA,NA,NA,NA,NA,NA,NA,NA,NA,NA,NA,NA,NA
NA,NA,2005,NA,NA,NA,may,NA,NA,NA,NA,NA,NA,NA,NA,NA,NA,NA,NA,NA,NA,NA
NA,NA,2005,NA,NA,NA,jun,NA,NA,NA,NA,NA,NA,NA,NA,NA,NA,NA,NA,NA,NA,NA
54,CC200504,2005,7,1,Propia,jul,CC,Temp,Sal,NTS,NA,NA,NA,Cla,ABSO,CDOM,NA,BACT,FITO,ZOO,ICTIO
55,CC200505,2005,8,17,Propia,ago,CC,Temp,Sal,NTS,OD,NA,NA,Cla,ABSO,CDOM,NA,BACT,FITO,ZOO,ICTIO
56,CC200507,2005,9,15,Propia,sep,CC,Temp,NA,NTS,NA,NA,NA,Cla,ABSO,CDOM,NA,BACT,FITO,ZOO,ICTIO
57,PD200502,2005,10,8,Oportunista,oct,PD,Temp,Sal,NTS,NA,NA,NA,Cla,ABSO,NA,PP,BACT,FITO,ZOO,ICTIO
58,CC200509,2005,10,28,Propia,oct,CC,Temp,Sal,NTS,NA,NA,NA,Cla,ABSO,NA,NA,BACT,FITO,ZOO,ICTIO
59,CC200510,2005,11,22,Propia,nov,CC,Temp,Sal,NTS,NA,NA,NA,Cla,ABSO,CDOM,NA,BACT,FITO,ZOO,ICTIO
NA,NA,2005,NA,NA,NA,dic,NA,NA,NA,NA,NA,NA,NA,NA,NA,NA,NA,NA,NA,NA,NA
NA,NA,2006,NA,NA,NA,ene,NA,NA,NA,NA,NA,NA,NA,NA,NA,NA,NA,NA,NA,NA,NA
60,CC200602,2006,2,15,Propia,feb,CC,Temp,Sal,NTS,NA,NA,NA,Cla,ABSO,CDOM,NA,BACT,FITO,ZOO,ICTIO
61,PD200602,2006,3,10,Oportunista,mar,PD,Temp,Sal,NA,OD,NA,NA,Cla,ABSO,NA,PP,BACT,FITO,ZOO,ICTIO
62,CC200604,2006,3,22,Propia,mar,CC,Temp,Sal,NTS,OD,NA,NA,Cla,ABSO,NA,NA,BACT,FITO,ZOO,ICTIO
NA,NA,2006,NA,NA,NA,abr,NA,NA,NA,NA,NA,NA,NA,NA,NA,NA,NA,NA,NA,NA,NA
NA,NA,2006,NA,NA,NA,may,NA,NA,NA,NA,NA,NA,NA,NA,NA,NA,NA,NA,NA,NA,NA
NA,NA,2006,NA,NA,NA,jun,NA,NA,NA,NA,NA,NA,NA,NA,NA,NA,NA,NA,NA,NA,NA
NA,NA,2006,NA,NA,NA,jul,NA,NA,NA,NA,NA,NA,NA,NA,NA,NA,NA,NA,NA,NA,NA
NA,NA,2006,NA,NA,NA,ago,NA,NA,NA,NA,NA,NA,NA,NA,NA,NA,NA,NA,NA,NA,NA
63,CC200607,2006,9,1,Propia,sep,CC,Temp,Sal,NTS,OD,NA,NA,Cla,ABSO,CDOM,NA,BACT,FITO,ZOO,ICTIO
64,PD200603,2006,9,5,Oportunista,sep,PD,Temp,Sal,NA,OD,NA,NA,Cla,ABSO,NA,PP,BACT,FITO,ZOO,ICTIO
65,CC200609,2006,10,30,Propia,oct,CC,Temp,Sal,NTS,NA,NA,NA,Cla,ABSO,CDOM,NA,BACT,FITO,ZOO,ICTIO
66,CC200612,2006,11,29,Propia,nov,CC,Temp,Sal,NTS,NA,NA,NA,Cla,ABSO,CDOM,NA,BACT,FITO,ZOO,ICTIO
67,EH200610,2006,12,27,Propia,dic,EH,Temp,Sal,NTS,NA,NA,NA,Cla,ABSO,CDOM,NA,BACT,FITO,ZOO,ICTIO
68,OB200701,2007,1,15,Propia,ene,OB,Temp,Sal,NTS,OD,NA,NA,Cla,ABSO,CDOM,NA,BACT,FITO,ZOO,ICTIO
NA,NA,2007,NA,NA,NA,feb,NA,NA,NA,NA,NA,NA,NA,NA,NA,NA,NA,NA,NA,NA,NA
69,CC200701,2007,3,1,Propia,mar,CC,Temp,Sal,NTS,NA,NA,NA,Cla,ABSO,CDOM,NA,BACT,FITO,ZOO,ICTIO
NA,NA,2007,NA,NA,NA,abr,NA,NA,NA,NA,NA,NA,NA,NA,NA,NA,NA,NA,NA,NA,NA
NA,NA,2007,NA,NA,NA,may,NA,NA,NA,NA,NA,NA,NA,NA,NA,NA,NA,NA,NA,NA,NA
NA,NA,2007,NA,NA,NA,jun,NA,NA,NA,NA,NA,NA,NA,NA,NA,NA,NA,NA,NA,NA,NA
70,CC200704,2007,7,2,Propia,jul,CC,Temp,Sal,NTS,OD,NA,NA,Cla,ABSO,CDOM,NA,BACT,FITO,ZOO,ICTIO
NA,NA,2007,NA,NA,NA,ago,NA,NA,NA,NA,NA,NA,NA,NA,NA,NA,NA,NA,NA,NA,NA
NA,NA,2007,NA,NA,NA,sep,NA,NA,NA,NA,NA,NA,NA,NA,NA,NA,NA,NA,NA,NA,NA
71,CC200706,2007,10,17,Propia,oct,CC,Temp,Sal,NTS,NA,NA,NA,Cla,ABSO,CDOM,NA,BACT,FITO,ZOO,ICTIO
72,CC200707,2007,10,23,Oportunista,oct,CC,Temp,Sal,NA,NA,NA,NA,NA,ABSO,NA,NA,BACT,FITO,ZOO,ICTIO
NA,NA,2007,NA,NA,NA,nov,NA,NA,NA,NA,NA,NA,NA,NA,NA,NA,NA,NA,NA,NA,NA
NA,NA,2007,NA,NA,NA,dic,NA,NA,NA,NA,NA,NA,NA,NA,NA,NA,NA,NA,NA,NA,NA
NA,NA,2008,NA,NA,NA,ene,NA,NA,NA,NA,NA,NA,NA,NA,NA,NA,NA,NA,NA,NA,NA
NA,NA,2008,NA,NA,NA,feb,NA,NA,NA,NA,NA,NA,NA,NA,NA,NA,NA,NA,NA,NA,NA
NA,NA,2008,NA,NA,NA,mar,NA,NA,NA,NA,NA,NA,NA,NA,NA,NA,NA,NA,NA,NA,NA
NA,NA,2008,NA,NA,NA,abr,NA,NA,NA,NA,NA,NA,NA,NA,NA,NA,NA,NA,NA,NA,NA
NA,NA,2008,NA,NA,NA,may,NA,NA,NA,NA,NA,NA,NA,NA,NA,NA,NA,NA,NA,NA,NA
NA,NA,2008,NA,NA,NA,jun,NA,NA,NA,NA,NA,NA,NA,NA,NA,NA,NA,NA,NA,NA,NA
NA,NA,2008,NA,NA,NA,jul,NA,NA,NA,NA,NA,NA,NA,NA,NA,NA,NA,NA,NA,NA,NA
NA,NA,2008,NA,NA,NA,ago,NA,NA,NA,NA,NA,NA,NA,NA,NA,NA,NA,NA,NA,NA,NA
NA,NA,2008,NA,NA,NA,sep,NA,NA,NA,NA,NA,NA,NA,NA,NA,NA,NA,NA,NA,NA,NA
73,OB200801,2008,10,10,Propia,oct,OB,Temp,Sal,NTS,OD,NA,NA,Cla,ABSO,CDOM,NA,BACT,FITO,ZOO,ICTIO
74,OB200803,2008,11,20,Oportunista,nov,OB,Temp,Sal,NTS,NA,NA,NA,Cla,ABSO,NA,PP,NA,FITO,NA,NA
75,OB200804,2008,12,17,Propia,dic,OB,Temp,Sal,NTS,OD,NA,NA,Cla,ABSO,CDOM,NA,BACT,FITO,NA,ICTIO
76,OB200901,2009,1,21,Oportunista,ene,OB,Temp,Sal,NA,NA,NA,NA,Cla,ABSO,NA,PP,NA,FITO,NA,NA
77,CC200901,2009,2,12,Propia,feb,CC,Temp,Sal,NTS,NA,NA,NA,Cla,ABSO,CDOM,NA,BACT,FITO,ZOO,ICTIO
78,OB200904,2009,3,23,Propia,mar,OB,Temp,Sal,NTS,NA,NA,NA,Cla,ABSO,CDOM,PP,BACT,FITO,ZOO,ICTIO
79,OB200906,2009,4,29,Propia,abr,OB,Temp,Sal,NTS,OD,NA,NA,Cla,ABSO,CDOM,PP,BACT,FITO,ZOO,ICTIO
NA,NA,2009,NA,NA,NA,may,NA,NA,NA,NA,NA,NA,NA,NA,NA,NA,NA,NA,NA,NA,NA
80,CC200908,2009,6,10,Propia,jun,CC,Temp,Sal,NTS,OD,NA,NA,Cla,ABSO,CDOM,NA,BACT,FITO,ZOO,ICTIO
81,CC200909,2009,6,26,Propia,jun,CC,Temp,Sal,NTS,OD,NA,NA,Cla,ABSO,CDOM,NA,BACT,FITO,ZOO,ICTIO
NA,NA,2009,NA,NA,NA,jul,NA,NA,NA,NA,NA,NA,NA,NA,NA,NA,NA,NA,NA,NA,NA
82,CC200911,2009,8,6,Propia,ago,CC,Temp,Sal,NTS,OD,NA,NA,Cla,ABSO,CDOM,NA,BACT,FITO,ZOO,ICTIO
NA,NA,2009,NA,NA,NA,sep,NA,NA,NA,NA,NA,NA,NA,NA,NA,NA,NA,NA,NA,NA,NA
NA,NA,2009,NA,NA,NA,oct,NA,NA,NA,NA,NA,NA,NA,NA,NA,NA,NA,NA,NA,NA,NA
NA,NA,2009,NA,NA,NA,nov,NA,NA,NA,NA,NA,NA,NA,NA,NA,NA,NA,NA,NA,NA,NA
NA,NA,2009,NA,NA,NA,dic,NA,NA,NA,NA,NA,NA,NA,NA,NA,NA,NA,NA,NA,NA,NA
83,OB201001,2010,1,15,Oportunista,ene,OB,Temp,Sal,NTS,NA,NA,NA,Cla,ABSO,NA,PP,NA,FITO,NA,NA
NA,NA,2010,NA,NA,NA,feb,NA,NA,NA,NA,NA,NA,NA,NA,NA,NA,NA,NA,NA,NA,NA
NA,NA,2010,NA,NA,NA,mar,NA,NA,NA,NA,NA,NA,NA,NA,NA,NA,NA,NA,NA,NA,NA
NA,NA,2010,NA,NA,NA,abr,NA,NA,NA,NA,NA,NA,NA,NA,NA,NA,NA,NA,NA,NA,NA
NA,NA,2010,NA,NA,NA,may,NA,NA,NA,NA,NA,NA,NA,NA,NA,NA,NA,NA,NA,NA,NA
NA,NA,2010,NA,NA,NA,jun,NA,NA,NA,NA,NA,NA,NA,NA,NA,NA,NA,NA,NA,NA,NA
84,PD201005,2010,7,5,Oportunista,jul,PD,Temp,Sal,NTS,NA,NA,NA,Cla,ABSO,NA,PP,BACT,FITO,ZOO,ICTIO
85,CC201001,2010,8,19,Propia,ago,CC,Temp,Sal,NTS,OD,NA,NA,Cla,ABSO,CDOM,NA,BACT,FITO,NA,ICTIO
NA,NA,2010,NA,NA,NA,sep,NA,NA,NA,NA,NA,NA,NA,NA,NA,NA,NA,NA,NA,NA,NA
86,PD201007,2010,10,2,Oportunista,oct,PD,Temp,Sal,NTS,OD,NA,NA,Cla,ABSO,NA,NA,BACT,FITO,ZOO,ICTIO
87,CC201005,2010,10,8,Propia,oct,CC,Temp,Sal,NTS,OD,NA,NA,Cla,ABSO,CDOM,NA,BACT,FITO,ZOO,ICTIO
88,PD201007,2010,10,12,Oportunista,oct,PD,Temp,Sal,NTS,OD,NA,NA,Cla,ABSO,NA,NA,BACT,FITO,ZOO,ICTIO
NA,NA,2010,NA,NA,NA,nov,NA,NA,NA,NA,NA,NA,NA,NA,NA,NA,NA,NA,NA,NA,NA
89,PD201008,2010,12,20,Oportunista,dic,PD,Temp,Sal,NTS,OD,NA,NA,Cla,ABSO,NA,PP,BACT,FITO,ZOO,ICTIO
90,CC201010,2010,12,28,Propia,dic,CC,Temp,Sal,NTS,OD,NA,NA,Cla,ABSO,CDOM,NA,BACT,FITO,ZOO,ICTIO
91,CC201103,2011,1,27,Propia,ene,CC,Temp,Sal,NTS,OD,NA,NA,Cla,ABSO,CDOM,NA,BACT,FITO,NA,ICTIO
92,OB201103,2011,2,26,Propia,feb,OB,Temp,Sal,NTS,OD,NA,NA,Cla,ABSO,NA,PP,BACT,FITO,ZOO,ICTIO
NA,NA,2011,NA,NA,NA,mar,NA,NA,NA,NA,NA,NA,NA,NA,NA,NA,NA,NA,NA,NA,NA
NA,NA,2011,NA,NA,NA,abr,NA,NA,NA,NA,NA,NA,NA,NA,NA,NA,NA,NA,NA,NA,NA
NA,NA,2011,NA,NA,NA,may,NA,NA,NA,NA,NA,NA,NA,NA,NA,NA,NA,NA,NA,NA,NA
93,OB201106,2011,6,17,Propia,jun,OB,Temp,Sal,NTS,OD,NA,NA,Cla,ABSO,NA,PP,BACT,FITO,ZOO,ICTIO
94,PD201102,2011,7,2,Oportunista,jul,PD,Temp,Sal,NTS,NA,NA,NA,Cla,ABSO,NA,PP,NA,FITO,NA,NA
NA,NA,2011,NA,NA,NA,ago,NA,NA,NA,NA,NA,NA,NA,NA,NA,NA,NA,NA,NA,NA,NA
NA,NA,2011,NA,NA,NA,sep,NA,NA,NA,NA,NA,NA,NA,NA,NA,NA,NA,NA,NA,NA,NA
95,AD201106,2011,10,21,Oportunista,oct,AD,Temp,Sal,NA,NA,NA,NA,NA,ABSO,NA,NA,NA,NA,NA,NA
NA,NA,2011,NA,NA,NA,nov,NA,NA,NA,NA,NA,NA,NA,NA,NA,NA,NA,NA,NA,NA,NA
NA,NA,2011,NA,NA,NA,dic,NA,NA,NA,NA,NA,NA,NA,NA,NA,NA,NA,NA,NA,NA,NA
NA,NA,2012,NA,NA,NA,ene,NA,NA,NA,NA,NA,NA,NA,NA,NA,NA,NA,NA,NA,NA,NA
NA,NA,2012,NA,NA,NA,feb,NA,NA,NA,NA,NA,NA,NA,NA,NA,NA,NA,NA,NA,NA,NA
NA,NA,2012,NA,NA,NA,mar,NA,NA,NA,NA,NA,NA,NA,NA,NA,NA,NA,NA,NA,NA,NA
NA,NA,2012,NA,NA,NA,abr,NA,NA,NA,NA,NA,NA,NA,NA,NA,NA,NA,NA,NA,NA,NA
NA,NA,2012,NA,NA,NA,may,NA,NA,NA,NA,NA,NA,NA,NA,NA,NA,NA,NA,NA,NA,NA
NA,NA,2012,NA,NA,NA,jun,NA,NA,NA,NA,NA,NA,NA,NA,NA,NA,NA,NA,NA,NA,NA
96,PD201203,2012,7,2,Oportunista,jul,PD,Temp,Sal,NTS,NA,NA,NA,Cla,ABSO,NA,PP,NA,FITO,NA,NA
NA,NA,2012,NA,NA,NA,ago,NA,NA,NA,NA,NA,NA,NA,NA,NA,NA,NA,NA,NA,NA,NA
NA,NA,2012,NA,NA,NA,sep,NA,NA,NA,NA,NA,NA,NA,NA,NA,NA,NA,NA,NA,NA,NA
97,OB201202,2012,10,12,Propia,oct,OB,Temp,Sal,NTS,OD,NA,NA,Cla,ABSO,CDOM,PP,BACT,FITO,ZOO,ICTIO
NA,NA,2012,NA,NA,NA,nov,NA,NA,NA,NA,NA,NA,NA,NA,NA,NA,NA,NA,NA,NA,NA
NA,NA,2012,NA,NA,NA,dic,NA,NA,NA,NA,NA,NA,NA,NA,NA,NA,NA,NA,NA,NA,NA
98,EH201301,2013,1,12,Oportunista,ene,EH,Temp,Sal,NTS,NA,NA,NA,Cla,ABSO,NA,NA,BACT,FITO,ZOO,ICTIO
99,OB201301,2013,1,23,Oportunista,ene,OB,Temp,Sal,NTS,NA,NA,NA,Cla,ABSO,NA,PP,BACT,FITO,ZOO,ICTIO
NA,NA,2013,NA,NA,NA,feb,NA,NA,NA,NA,NA,NA,NA,NA,NA,NA,NA,NA,NA,NA,NA
NA,NA,2013,NA,NA,NA,mar,NA,NA,NA,NA,NA,NA,NA,NA,NA,NA,NA,NA,NA,NA,NA
NA,NA,2013,NA,NA,NA,abr,NA,NA,NA,NA,NA,NA,NA,NA,NA,NA,NA,NA,NA,NA,NA
NA,NA,2013,NA,NA,NA,may,NA,NA,NA,NA,NA,NA,NA,NA,NA,NA,NA,NA,NA,NA,NA
NA,NA,2013,NA,NA,NA,jun,NA,NA,NA,NA,NA,NA,NA,NA,NA,NA,NA,NA,NA,NA,NA
100,OB201304,2013,7,6,Propia,jul,OB,Temp,Sal,NTS,OD,NA,NA,Cla,ABSO,CDOM,PP,BACT,FITO,ZOO,ICTIO
101,CR201301,2013,8,8,Propia,ago,CR,Temp,Sal,NTS,OD,NA,NA,Cla,ABSO,CDOM,NA,BACT,FITO,ZOO,ICTIO
102,OB201305,2013,9,28,Oportunista,sep,OB,Temp,Sal,NTS,NA,NA,NA,Cla,ABSO,NA,NA,NA,FITO,ZOO,ICTIO
NA,NA,2013,NA,NA,NA,oct,NA,NA,NA,NA,NA,NA,NA,NA,NA,NA,NA,NA,NA,NA,NA
NA,NA,2013,NA,NA,NA,nov,NA,NA,NA,NA,NA,NA,NA,NA,NA,NA,NA,NA,NA,NA,NA
103,EH201306,2013,12,5,Oportunista,dic,EH,Temp,Sal,NTS,NA,NA,NA,Cla,NA,NA,NA,NA,FITO,ZOO,ICTIO
104,EH201401,2014,1,17,Oportunista,ene,EH,Temp,Sal,NTS,NA,NA,NA,Cla,ABSO,NA,NA,NA,FITO,ZOO,ICTIO
105,OB201401,2014,1,30,Oportunista,ene,OB,Temp,Sal,NTS,NA,NA,NA,Cla,ABSO,NA,PP,NA,FITO,ZOO,ICTIO
NA,NA,2014,NA,NA,NA,feb,NA,NA,NA,NA,NA,NA,NA,NA,NA,NA,NA,NA,NA,NA,NA
106,OB201402,2014,3,25,Propia,mar,OB,Temp,Sal,NTS,NA,NA,NA,Cla,ABSO,CDOM,PP,BACT,FITO,ZOO,ICTIO
NA,NA,2014,NA,NA,NA,abr,NA,NA,NA,NA,NA,NA,NA,NA,NA,NA,NA,NA,NA,NA,NA
NA,NA,2014,NA,NA,NA,may,NA,NA,NA,NA,NA,NA,NA,NA,NA,NA,NA,NA,NA,NA,NA
NA,NA,2014,NA,NA,NA,jun,NA,NA,NA,NA,NA,NA,NA,NA,NA,NA,NA,NA,NA,NA,NA
NA,NA,2014,NA,NA,NA,jul,NA,NA,NA,NA,NA,NA,NA,NA,NA,NA,NA,NA,NA,NA,NA
NA,NA,2014,NA,NA,NA,ago,NA,NA,NA,NA,NA,NA,NA,NA,NA,NA,NA,NA,NA,NA,NA
NA,NA,2014,NA,NA,NA,sep,NA,NA,NA,NA,NA,NA,NA,NA,NA,NA,NA,NA,NA,NA,NA
NA,NA,2014,NA,NA,NA,oct,NA,NA,NA,NA,NA,NA,NA,NA,NA,NA,NA,NA,NA,NA,NA
NA,NA,2014,NA,NA,NA,nov,NA,NA,NA,NA,NA,NA,NA,NA,NA,NA,NA,NA,NA,NA,NA
NA,NA,2014,NA,NA,NA,dic,NA,NA,NA,NA,NA,NA,NA,NA,NA,NA,NA,NA,NA,NA,NA
NA,NA,2015,NA,NA,NA,ene,NA,NA,NA,NA,NA,NA,NA,NA,NA,NA,NA,NA,NA,NA,NA
107,AH201502,2015,2,9,Propia,feb,AH,Temp,NA,NTS,NA,NA,AT,Cla,ABSO,CDOM,NA,BACT,FITO,ZOO,ICTIO
NA,NA,2015,NA,NA,NA,mar,NA,NA,NA,NA,NA,NA,NA,NA,NA,NA,NA,NA,NA,NA,NA
108,AH201503,2015,4,28,Propia,abr,AH,Temp,Sal,NTS,OD,NA,AT,Cla,ABSO,CDOM,NA,BACT,FITO,ZOO,ICTIO
NA,NA,2015,NA,NA,NA,may,NA,NA,NA,NA,NA,NA,NA,NA,NA,NA,NA,NA,NA,NA,NA
NA,NA,2015,NA,NA,NA,jun,NA,NA,NA,NA,NA,NA,NA,NA,NA,NA,NA,NA,NA,NA,NA
NA,NA,2015,NA,NA,NA,jul,NA,NA,NA,NA,NA,NA,NA,NA,NA,NA,NA,NA,NA,NA,NA
NA,NA,2015,NA,NA,NA,ago,NA,NA,NA,NA,NA,NA,NA,NA,NA,NA,NA,NA,NA,NA,NA
109,AH201505,2015,9,16,Propia,sep,AH,Temp,Sal,NTS,OD,NA,AT,Cla,ABSO,CDOM,NA,BACT,FITO,ZOO,ICTIO
NA,NA,2015,NA,NA,NA,oct,NA,NA,NA,NA,NA,NA,NA,NA,NA,NA,NA,NA,NA,NA,NA
NA,NA,2015,NA,NA,NA,nov,NA,NA,NA,NA,NA,NA,NA,NA,NA,NA,NA,NA,NA,NA,NA
NA,NA,2015,NA,NA,NA,dic,NA,NA,NA,NA,NA,NA,NA,NA,NA,NA,NA,NA,NA,NA,NA
NA,NA,2016,NA,NA,NA,ene,NA,NA,NA,NA,NA,NA,NA,NA,NA,NA,NA,NA,NA,NA,NA
NA,NA,2016,NA,NA,NA,feb,NA,NA,NA,NA,NA,NA,NA,NA,NA,NA,NA,NA,NA,NA,NA
NA,NA,2016,NA,NA,NA,mar,NA,NA,NA,NA,NA,NA,NA,NA,NA,NA,NA,NA,NA,NA,NA
110,AH201603,2016,4,22,Propia,abr,AH,Temp,Sal,NTS,OD,pH,AT,Cla,ABSO,CDOM,NA,BACT,FITO,ZOO,ICTIO
111,PD201604,2016,5,11,Oportunista,may,PD,Temp,Sal,NTS,NA,pH,AT,Cla,ABSO,NA,NA,BACT,FITO,NA,NA
NA,NA,2016,NA,NA,NA,jun,NA,NA,NA,NA,NA,NA,NA,NA,NA,NA,NA,NA,NA,NA,NA
NA,NA,2016,NA,NA,NA,jul,NA,NA,NA,NA,NA,NA,NA,NA,NA,NA,NA,NA,NA,NA,NA
NA,NA,2016,NA,NA,NA,ago,NA,NA,NA,NA,NA,NA,NA,NA,NA,NA,NA,NA,NA,NA,NA
112,AH201605,2016,9,1,Propia,sep,AH,Temp,Sal,NTS,NA,pH,AT,Cla,ABSO,CDOM,NA,BACT,FITO,ZOO,ICTIO
113,EH201601,2016,10,6,Oportunista,oct,EH,Temp,Sal,NTS,NA,NA,NA,Cla,ABSO,CDOM,NA,BACT,FITO,ZOO,ICTIO
114,AH201607,2016,10,12,Propia,oct,AH,Temp,Sal,NTS,NA,pH,AT,Cla,ABSO,CDOM,NA,BACT,FITO,ZOO,ICTIO
115,PD201606,2016,11,7,Oportunista,nov,PD,Temp,Sal,NTS,NA,NA,NA,Cla,ABSO,NA,PP,BACT,FITO,NA,NA
NA,NA,2016,NA,NA,NA,dic,NA,NA,NA,NA,NA,NA,NA,NA,NA,NA,NA,NA,NA,NA,NA
NA,NA,2017,NA,NA,NA,ene,NA,NA,NA,NA,NA,NA,NA,NA,NA,NA,NA,NA,NA,NA,NA
116,EH201701,2017,2,2,Oportunista,feb,EH,Temp,Sal,NTS,NA,NA,NA,Cla,ABSO,NA,NA,BACT,FITO,ZOO,ICTIO
NA,NA,2017,NA,NA,NA,mar,NA,NA,NA,NA,NA,NA,NA,NA,NA,NA,NA,NA,NA,NA,NA
NA,NA,2017,NA,NA,NA,abr,NA,NA,NA,NA,NA,NA,NA,NA,NA,NA,NA,NA,NA,NA,NA
117,AH201702,2017,5,4,Propia,may,AH,Temp,Sal,NTS,OD,pH,AT,Cla,ABSO,CDOM,NA,BACT,FITO,ZOO,ICTIO
118,AH201703,2017,5,24,Propia,may,AH,Temp,Sal,NTS,OD,pH,AT,Cla,ABSO,CDOM,NA,BACT,FITO,ZOO,ICTIO
119,PD201703,2017,6,2,Oportunista,jun,PD,Temp,Sal,NTS,OD,pH,AT,Cla,ABSO,NA,PP,BACT,FITO,NA,NA
NA,NA,2017,NA,NA,NA,jul,NA,NA,NA,NA,NA,NA,NA,NA,NA,NA,NA,NA,NA,NA,NA
120,AH201704,2017,8,18,Propia,ago,AH,Temp,Sal,NTS,OD,pH,AT,Cla,ABSO,CDOM,NA,BACT,FITO,ZOO,ICTIO
121,AH201706,2017,9,27,Propia,sep,AH,Temp,Sal,NTS,OD,pH,AT,Cla,ABSO,CDOM,NA,BACT,FITO,ZOO,ICTIO
NA,NA,2017,NA,NA,NA,oct,NA,NA,NA,NA,NA,NA,NA,NA,NA,NA,NA,NA,NA,NA,NA
122,AH201708,2017,11,3,Propia,nov,AH,Temp,Sal,NTS,OD,pH,AT,Cla,ABSO,CDOM,NA,BACT,FITO,ZOO,ICTIO
NA,NA,2017,NA,NA,NA,dic,NA,NA,NA,NA,NA,NA,NA,NA,NA,NA,NA,NA,NA,NA,NA
123,EH201801,2018,1,16,Oportunista,ene,EH,Temp,Sal,NTS,NA,NA,NA,Cla,ABSO,CDOM,NA,NA,FITO,ZOO,ICTIO
124,EH201801,2018,2,7,Oportunista,feb,EH,Temp,Sal,NTS,NA,NA,NA,Cla,ABSO,CDOM,NA,NA,FITO,ZOO,ICTIO
NA,NA,2018,NA,NA,NA,mar,NA,NA,NA,NA,NA,NA,NA,NA,NA,NA,NA,NA,NA,NA,NA
125,VA201803,2018,4,4,Propia,abr,VA,Temp,Sal,NTS,OD,pH,AT,Cla,ABSO,CDOM,PP,BACT,FITO,ZOO,ICTIO
126,VA201804,2018,5,1,Oportunista,may,VA,Temp,Sal,NTS,OD,NA,NA,Cla,ABSO,NA,NA,BACT,FITO,ZOO,ICTIO
127,AH201802,2018,5,17,Propia,may,AH,Temp,Sal,NTS,OD,pH,AT,Cla,ABSO,CDOM,NA,BACT,FITO,ZOO,ICTIO
128,AH201803,2018,6,14,Propia,jun,AH,Temp,Sal,NTS,OD,pH,AT,Cla,ABSO,CDOM,NA,BACT,FITO,ZOO,ICTIO
129,AH201804,2018,7,4,Propia,jul,AH,Temp,Sal,NTS,OD,pH,AT,Cla,ABSO,CDOM,NA,BACT,FITO,ZOO,ICTIO
130,VA201812,2018,8,19,Oportunista,ago,VA,Temp,Sal,NTS,NA,NA,NA,Cla,ABSO,CDOM,NA,NA,FITO,NA,NA
131,AH201805,2018,9,5,Propia,sep,AH,Temp,Sal,NTS,OD,pH,AT,Cla,ABSO,CDOM,NA,BACT,FITO,ZOO,ICTIO
132,VA201813,2018,10,25,Oportunista,oct,VA,Temp,Sal,NTS,NA,NA,NA,Cla,ABSO,NA,NA,NA,FITO,ZOO,ICTIO
NA,NA,2018,NA,NA,NA,nov,NA,NA,NA,NA,NA,NA,NA,NA,NA,NA,NA,NA,NA,NA,NA
133,AH201807,2018,12,4,Propia,dic,AH,Temp,Sal,NTS,OD,pH,AT,Cla,ABSO,CDOM,NA,BACT,FITO,ZOO,ICTIO
134,VA201815,2018,12,18,Oportunista,dic,VA,Temp,Sal,NTS,OD,NA,NA,Cla,ABSO,CDOM,NA,BACT,FITO,ZOO,ICTIO
135,VA201901,2019,1,27,Propia,ene,VA,Temp,Sal,NTS,OD,pH,AT,Cla,ABSO,CDOM,PP,BACT,FITO,ZOO,ICTIO
NA,NA,2019,NA,NA,NA,feb,NA,NA,NA,NA,NA,NA,NA,NA,NA,NA,NA,NA,NA,NA,NA
NA,NA,2019,NA,NA,NA,mar,NA,NA,NA,NA,NA,NA,NA,NA,NA,NA,NA,NA,NA,NA,NA
136,AH201902,2019,4,7,Propia,abr,AH,Temp,Sal,NTS,OD,NA,AT,Cla,ABSO,CDOM,NA,BACT,FITO,ZOO,ICTIO
NA,NA,2019,NA,NA,NA,may,NA,NA,NA,NA,NA,NA,NA,NA,NA,NA,NA,NA,NA,NA,NA
137,VA201905,2019,6,5,Oportunista,jun,VA,Temp,Sal,NTS,NA,NA,NA,Cla,ABSO,NA,NA,NA,NA,ZOO,ICTIO
138,AH201903,2019,7,18,Propia,jul,AH,Temp,Sal,NTS,OD,pH,AT,Cla,ABSO,CDOM,NA,BACT,FITO,ZOO,ICTIO
NA,NA,2019,NA,NA,NA,ago,NA,NA,NA,NA,NA,NA,NA,NA,NA,NA,NA,NA,NA,NA,NA
139,AH201904,2019,9,11,Propia,sep,AH,Temp,Sal,NTS,OD,pH,AT,Cla,ABSO,CDOM,NA,BACT,FITO,ZOO,ICTIO
140,AH201905,2019,10,9,Propia,oct,AH,Temp,Sal,NTS,OD,NA,AT,Cla,ABSO,CDOM,NA,BACT,FITO,ZOO,ICTIO
NA,NA,2019,NA,NA,NA,nov,NA,NA,NA,NA,NA,NA,NA,NA,NA,NA,NA,NA,NA,NA,NA
141,VA201912,2019,12,14,Propia,dic,VA,Temp,Sal,NTS,OD,pH,AT,Cla,ABSO,CDOM,PP,BACT,FITO,ZOO,ICTIO
142,AH202001,2020,1,30,Propia,ene,AH,Temp,Sal,NTS,NA,NA,NA,Cla,ABSO,CDOM,NA,BACT,FITO,ZOO,ICTIO
NA,NA,2020,NA,NA,NA,feb,NA,NA,NA,NA,NA,NA,NA,NA,NA,NA,NA,NA,NA,NA,NA
143,AH202002,2020,3,12,Propia,mar,AH,Temp,Sal,NTS,OD,pH,AT,Cla,ABSO,CDOM,NA,NA,FITO,ZOO,ICTIO
NA,NA,2020,NA,NA,NA,abr,NA,NA,NA,NA,NA,NA,NA,NA,NA,NA,NA,NA,NA,NA,NA
NA,NA,2020,NA,NA,NA,may,NA,NA,NA,NA,NA,NA,NA,NA,NA,NA,NA,NA,NA,NA,NA
NA,NA,2020,NA,NA,NA,jun,NA,NA,NA,NA,NA,NA,NA,NA,NA,NA,NA,NA,NA,NA,NA
144,VA202001,2020,7,18,Oportunista,jul,VA,Temp,Sal,NTS,NA,NA,NA,Cla,ABSO,CDOM,PP,BACT,FITO,NA,NA
NA,NA,2020,NA,NA,NA,ago,NA,NA,NA,NA,NA,NA,NA,NA,NA,NA,NA,NA,NA,NA,NA
NA,NA,2020,NA,NA,NA,sep,NA,NA,NA,NA,NA,NA,NA,NA,NA,NA,NA,NA,NA,NA,NA
NA,NA,2020,NA,NA,NA,oct,NA,NA,NA,NA,NA,NA,NA,NA,NA,NA,NA,NA,NA,NA,NA
NA,NA,2020,NA,NA,NA,nov,NA,NA,NA,NA,NA,NA,NA,NA,NA,NA,NA,NA,NA,NA,NA
145,EH202002,2020,12,22,Oportunista,dic,EH,Temp,Sal,NTS,NA,NA,NA,Cla,NA,NA,NA,NA,NA,ZOO,ICTIO
146,VA202101,2021,1,31,Propia,ene,VA,Temp,Sal,NTS,OD,pH,AT,Cla,ABSO,CDOM,PP,BACT,FITO,ZOO,ICTIO
147,EH202101,2021,2,12,Oportunista,feb,EH,Temp,Sal,NA,NA,NA,NA,Cla,NA,NA,NA,NA,NA,ZOO,ICTIO
NA,NA,2021,NA,NA,NA,mar,NA,NA,NA,NA,NA,NA,NA,NA,NA,NA,NA,NA,NA,NA,NA
NA,NA,2021,NA,NA,NA,abr,NA,NA,NA,NA,NA,NA,NA,NA,NA,NA,NA,NA,NA,NA,NA
NA,NA,2021,NA,NA,NA,may,NA,NA,NA,NA,NA,NA,NA,NA,NA,NA,NA,NA,NA,NA,NA
148,VA202103,2021,6,12,Oportunista,jun,VA,Temp,Sal,NA,NA,NA,NA,Cla,ABSo,NA,NA,NA,NA,ZOO,ICTIO
149,VA202104,2021,7,15,Oportunista,jul,VA,Temp,Sal,NTS,NA,NA,NA,Cla,ABSO,NA,NA,NA,NA,ZOO,ICTIO
NA,NA,2021,NA,NA,NA,ago,NA,NA,NA,NA,NA,NA,NA,NA,NA,NA,NA,NA,NA,NA,NA
NA,NA,2021,NA,NA,NA,sep,NA,NA,NA,NA,NA,NA,NA,NA,NA,NA,NA,NA,NA,NA,NA
150,VA202106,2021,10,4,Propia,oct,VA,Temp,Sal,NTS,OD,pH,AT,Cla,ABSO,CDOM,PP,BACT,FITO,ZOO,ICTIO
151,EH202104,2021,11,8,Oportunista,nov,EH,Temp,Sal,NTS,NA,NA,NA,Cla,NA,NA,NA,NA,NA,ZOO,ICTIO
152,VA202109,2021,12,13,Propia,dic,VA,Temp,Sal,NTS,OD,pH,AT,Cla,ABSO,CDOM,PP,BACT,FITO,ZOO,ICTIO
NA,NA,2022,NA,NA,NA,ene,NA,NA,NA,NA,NA,NA,NA,NA,NA,NA,NA,NA,NA,NA,NA
NA,NA,2022,NA,NA,NA,feb,NA,NA,NA,NA,NA,NA,NA,NA,NA,NA,NA,NA,NA,NA,NA
153,MA202204,2022,3,23,Propia,mar,MA,Temp,Sal,NTS,OD,pH,AT,Cla,ABSO,CDOM,NA,BACT,FITO,ZOO,ICTIO
NA,NA,2022,NA,NA,NA,abr,NA,NA,NA,NA,NA,NA,NA,NA,NA,NA,NA,NA,NA,NA,NA
154,MA202205,2022,5,5,Propia,may,MA,Temp,Sal,NTS,OD,pH,AT,Cla,ABSO,NA,NA,BACT,FITO,ZOO,ICTIO
155,MA202207,2022,6,23,Propia,jun,MA,Temp,Sal,NTS,OD,pH,AT,Cla,ABSO,CDOM,NA,BACT,FITO,ZOO,ICTIO
NA,NA,2022,NA,NA,NA,jul,NA,NA,NA,NA,NA,NA,NA,NA,NA,NA,NA,NA,NA,NA,NA
156,MA202211,2022,8,19,Propia,ago,MA,Temp,Sal,NTS,OD,pH,AT,Cla,ABSO,CDOM,NA,BACT,FITO,ZOO,ICTIO
157,EH202202,2022,9,18,Oportunista,sep,EH,Temp,Sal,NTS,NA,NA,NA,Cla,NA,NA,NA,BACT,FITO,ZOO,ICTIO
158,MA202217,2022,10,19,Propia,oct,MA,Temp,Sal,NTS,OD,pH,AT,Cla,ABSO,CDOM,NA,BACT,FITO,ZOO,ICTIO
NA,NA,2022,NA,NA,NA,nov,NA,NA,NA,NA,NA,NA,NA,NA,NA,NA,NA,NA,NA,NA,NA
159,MA202220,2022,12,20,Propia,dic,MA,Temp,Sal,NTS,OD,pH,AT,Cla,ABSO,CDOM,NA,BACT,FITO,ZOO,ICTIO
NA,NA,2023,NA,NA,NA,ene,NA,NA,NA,NA,NA,NA,NA,NA,NA,NA,NA,NA,NA,NA,NA
NA,NA,2023,NA,NA,NA,feb,NA,NA,NA,NA,NA,NA,NA,NA,NA,NA,NA,NA,NA,NA,NA
160,MA202302,2023,3,1,Propia,mar,MA,Temp,Sal,NTS,OD,NA,NA,Cla,ABSO,CDOM,NA,BACT,FITO,ZOO,ICTIO
NA,NA,2023,NA,NA,NA,abr,NA,NA,NA,NA,NA,NA,NA,NA,NA,NA,NA,NA,NA,NA,NA
161,MA202307,2023,5,4,Propia,may,MA,Temp,Sal,NTS,OD,pH,AT,Cla,ABSO,CDOM,NA,BACT,FITO,ZOO,ICTIO
162,MA202310,2023,6,22,Propia,jun,MA,Temp,Sal,NTS,OD,pH,AT,Cla,ABSO,CDOM,NA,BACT,FITO,ZOO,ICTIO
163,VA202309,2023,7,31,Propia,jul,VA,Temp,Sal,NTS,OD,pH,AT,Cla,ABSO,CDOM,NA,BACT,FITO,ZOO,ICTIO
NA,NA,2023,NA,NA,NA,ago,NA,NA,NA,NA,NA,NA,NA,NA,NA,NA,NA,NA,NA,NA,NA
NA,NA,2023,NA,NA,NA,sep,NA,NA,NA,NA,NA,NA,NA,NA,NA,NA,NA,NA,NA,NA,NA
NA,NA,2023,NA,NA,NA,oct,NA,NA,NA,NA,NA,NA,NA,NA,NA,NA,NA,NA,NA,NA,NA
164,AH202303,2023,11,23,Propia,nov,AH,Temp,Sal,NTS,OD,pH,AT,Cla,ABSO,CDOM,NA,BACT,FITO,ZOO,ICTIO
NA,NA,2023,NA,NA,NA,dic,NA,NA,NA,NA,NA,NA,NA,NA,NA,NA,NA,NA,NA,NA,NA
165,VA202401,2024,1,20,Oportunista,ene,VA,NA,NA,NA,NA,NA,NA,NA,NA,NA,NA,NA,NA,ZOO,ICTIO
166,AH202401,2024,2,8,Propia,feb,AH,Temp,Sal,NTS,OD,pH,AT,Cla,ABSO,CDOM,NA,BACT,FITO,ZOO,ICTIO
NA,NA,2024,NA,NA,NA,mar,NA,NA,NA,NA,NA,NA,NA,NA,NA,NA,NA,NA,NA,NA,NA
167,MA202403,2024,4,24,Propia,abr,MA,Temp,Sal,NTS,OD,pH,AT,Cla,ABSO,CDOM,NA,BACT,FITO,ZOO,ICTIO
168,MA202405,2024,5,28,Propia,may,MA,Temp,Sal,NTS,OD,pH,AT,Cla,ABSO,CDOM,NA,BACT,FITO,ZOO,ICTIO
NA,NA,2024,NA,NA,NA,jun,NA,NA,NA,NA,NA,NA,NA,NA,NA,NA,NA,NA,NA,NA,NA
169,VA202406,2024,7,1,Oportunista,jul,VA,Temp,Sal,NTS,NA,NA,NA,Cla,ABSO,NA,NA,BACT,FITO,ZOO,ICTIO
170,MA202408,2024,7,18,Propia,jul,MA,Temp,Sal,NTS,OD,pH,AT,Cla,ABSO,NA,NA,BACT,FITO,ZOO,ICTIO
NA,NA,2024,NA,NA,NA,ago,NA,NA,NA,NA,NA,NA,NA,NA,NA,NA,NA,NA,NA,NA,NA
171,MA202412,2024,9,5,Propia,sep,MA,Temp,Sal,NTS,OD,pH,AT,Cla,ABSO,CDOM,NA,BACT,FITO,ZOO,ICTIO
172,VA202411,2024,10,19,Oportunista,oct,VA,Temp,Sal,NTS,OD,pH,AT,Cla,ABSO,NA,NA,BACT,FITO,NA,NA
173,MA202417,2024,11,22,Oportunista,nov,MA,Temp,Sal,NTS,NA,NA,NA,Cla,ABSO,CDOM,NA,NA,FITO,NA,NA
174,MA202419,2024,12,27,Propia,dic,MA,Temp,Sal,NTS,OD,pH,AT,Cla,ABSO,CDOM,NA,BACT,FITO,ZOO,ICTIO
NA,NA,2025,NA,NA,NA,ene,NA,NA,NA,NA,NA,NA,NA,NA,NA,NA,NA,NA,NA,NA,NA
175,MA202503,2025,2,14,Propia,feb,MA,Temp,Sal,NTS,OD,pH,AT,Cla,ABSO,CDOM,NA,BACT,FITO,ZOO,ICTIO
NA,NA,2025,NA,NA,NA,mar,NA,NA,NA,NA,NA,NA,NA,NA,NA,NA,NA,NA,NA,NA,NA
176,MA202506,2025,4,9,Propia,abr,MA,Temp,Sal,NTS,OD,pH,AT,Cla,ABSO,CDOM,NA,BACT,FITO,ZOO,ICTIO
177,MA202508,2025,5,22,Propia,may,MA,Temp,Sal,NTS,OD,pH,AT,Cla,ABSO,CDOM,NA,BACT,FITO,ZOO,ICTIO
NA,NA,2025,NA,NA,NA,jun,NA,NA,NA,NA,NA,NA,NA,NA,NA,NA,NA,NA,NA,NA,NA
178,MA202511,2025,7,8,Propia,jul,MA,Temp,Sal,NTS,OD,pH,AT,Cla,ABSO,CDOM,NA,BACT,FITO,ZOO,ICTIO
179,AH202502,2025,8,22,Propia,ago,AH,Temp,Sal,NTS,OD,pH,AT,Cla,ABSO,CDOM,NA,BACT,FITO,ZOO,ICTIO
180,VA202506,2025,9,18,Oportunista,sep,VA,Temp,Sal,NTS,NA,NA,NA,Cla,NA,NA,NA,BACT,FITO,NA,NA
181,AH202503,2025,10,22,Propia,oct,AH,Temp,Sal,NTS,NA,pH,AT,Cla,ABSO,CDOM,NA,BACT,FITO,ZOO,ICTIO
182,VA202508,2025,11,1,Oportunista,nov,VA,Temp,Sal,NTS,OD,NA,NA,Cla,ABSO,CDOM,PP,NA,FITO,ZOO,ICTIO
183,AH202506,2025,11,29,Propia,nov,AH,Temp,Sal,NTS,OD,NA,NA,Cla,ABSO,CDOM,NA,BACT,FITO,ZOO,ICTIO
NA,NA,2025,NA,NA,NA,dic,NA,NA,NA,NA,NA,NA,NA,NA,NA,NA,NA,NA,NA,NA,NA